method,before,after,removed,percent
src/abap/1_lexer/lexer.ts.Lexer::add,1565,1561,4,0.2556
src/abap/1_lexer/lexer.ts.Lexer::process,1613,1613,0,0.0
src/abap/2_statements/combi.ts.Alternative::run,57,57,0,0.0
src/abap/2_statements/combi.ts.Alternative::run_one,17,17,0,0.0
src/abap/2_statements/combi.ts.AlternativePriority::run,66,66,0,0.0
src/abap/2_statements/combi.ts.AlternativePriority::run_one,17,17,0,0.0
src/abap/2_statements/combi.ts.Combi::run,162,162,0,0.0
src/abap/2_statements/combi.ts.Expression::run,137,135,2,1.4599
src/abap/2_statements/combi.ts.Expression::run_one,132,130,2,1.5152
src/abap/2_statements/combi.ts.FailCombinator::run,7,7,0,0.0
src/abap/2_statements/combi.ts.FailCombinator::run_one,17,17,0,0.0
src/abap/2_statements/combi.ts.LangVers::run,7,7,0,0.0
src/abap/2_statements/combi.ts.LangVers::run_one,17,17,0,0.0
src/abap/2_statements/combi.ts.LangVersNot::run,24,24,0,0.0
src/abap/2_statements/combi.ts.LangVersNot::run_one,41,41,0,0.0
src/abap/2_statements/combi.ts.Optional::run,60,60,0,0.0
src/abap/2_statements/combi.ts.Optional::run_one,55,55,0,0.0
src/abap/2_statements/combi.ts.OptionalPriority::run,136,136,0,0.0
src/abap/2_statements/combi.ts.OptionalPriority::run_one,131,131,0,0.0
src/abap/2_statements/combi.ts.Permutation::run,133,133,0,0.0
src/abap/2_statements/combi.ts.Permutation::run_one,17,17,0,0.0
src/abap/2_statements/combi.ts.Plus::run,9,9,0,0.0
src/abap/2_statements/combi.ts.Plus::run_one,23,23,0,0.0
src/abap/2_statements/combi.ts.PlusPriority::run,9,9,0,0.0
src/abap/2_statements/combi.ts.PlusPriority::run_one,23,23,0,0.0
src/abap/2_statements/combi.ts.Regex::run,138,138,0,0.0
src/abap/2_statements/combi.ts.Regex::run_one,17,17,0,0.0
src/abap/2_statements/combi.ts.Sequence::run,110,110,0,0.0
src/abap/2_statements/combi.ts.Sequence::run_one,105,105,0,0.0
src/abap/2_statements/combi.ts.Star::run,112,112,0,0.0
src/abap/2_statements/combi.ts.Star::run_one,17,17,0,0.0
src/abap/2_statements/combi.ts.StarPriority::run,140,138,2,1.4286
src/abap/2_statements/combi.ts.StarPriority::run_one,17,17,0,0.0
src/abap/2_statements/combi.ts.StopBefore1::run,103,101,2,1.9417
src/abap/2_statements/combi.ts.StopBefore1::run_one,17,17,0,0.0
src/abap/2_statements/combi.ts.StopBefore2::run,185,183,2,1.0811
src/abap/2_statements/combi.ts.StopBefore2::run_one,17,17,0,0.0
src/abap/2_statements/combi.ts.Token::run,145,145,0,0.0
src/abap/2_statements/combi.ts.Token::run_one,140,140,0,0.0
src/abap/2_statements/combi.ts.Vers::run,98,98,0,0.0
src/abap/2_statements/combi.ts.Vers::run_one,119,119,0,0.0
src/abap/2_statements/combi.ts.Word::run,150,150,0,0.0
src/abap/2_statements/combi.ts.Word::run_one,145,145,0,0.0
src/abap/2_statements/combi.ts.WordSequence::run,9,9,0,0.0
src/abap/2_statements/combi.ts.WordSequence::run_one,23,23,0,0.0
src/abap/2_statements/result.ts.Result::constructor,43,41,2,4.6512
src/abap/2_statements/result.ts.Result::fromChain,23,23,0,0.0
src/abap/2_statements/result.ts.Result::getNodes,99,97,2,2.0202
src/abap/2_statements/result.ts.Result::getTokenIndex,6,6,0,0.0
src/abap/2_statements/result.ts.Result::getTokens,6,6,0,0.0
src/abap/2_statements/result.ts.Result::peek,12,12,0,0.0
src/abap/2_statements/result.ts.Result::peekAt,41,41,0,0.0
src/abap/2_statements/result.ts.Result::popNode,6,6,0,0.0
src/abap/2_statements/result.ts.Result::remainingLength,19,19,0,0.0
src/abap/2_statements/result.ts.Result::setNodes,7,7,0,0.0
src/abap/2_statements/result.ts.Result::shift,41,41,0,0.0
src/abap/2_statements/result.ts.Result::wrapConsumed,109,107,2,1.8349
src/abap/2_statements/result.ts.ResultNode::constructor,8,8,0,0.0
