target,method,copyprop,dead_stores
go,harness/registry_run.ts.RegistryRun::parse,0,1
go,src/abap/1_lexer/lexer.ts.Lexer::add,0,2
go,src/abap/2_statements/_select_reclassify.ts.module::containsAggregation,0,1
go,src/abap/2_statements/combi.ts.Combi::railroad,1,0
go,src/abap/2_statements/combi.ts.Expression::run,0,1
go,src/abap/2_statements/combi.ts.StarPriority::run,0,1
go,src/abap/2_statements/combi.ts.StopBefore1::run,0,1
go,src/abap/2_statements/combi.ts.StopBefore2::run,0,1
go,src/abap/2_statements/combi.ts.module::mapInput,0,2
go,src/abap/2_statements/expand_macros.ts.ExpandMacros::findName,0,1
go,src/abap/2_statements/expressions/_derived_types.ts.module::derivedTypesAlt,1,0
go,src/abap/2_statements/expressions/arith_operator.ts.ArithOperator::getRunnable,1,0
go,src/abap/2_statements/expressions/assign_source.ts.AssignSource::getRunnable,1,0
go,src/abap/2_statements/expressions/attribute_chain.ts.AttributeChain::getRunnable,1,0
go,src/abap/2_statements/expressions/compare.ts.Compare::getRunnable,1,0
go,src/abap/2_statements/expressions/compare_operator.ts.CompareOperator::getRunnable,1,0
go,src/abap/2_statements/expressions/component_chain.ts.ComponentChain::getRunnable,1,0
go,src/abap/2_statements/expressions/component_chain_simple.ts.ComponentChainSimple::getRunnable,1,0
go,src/abap/2_statements/expressions/component_compare.ts.ComponentCompare::getRunnable,1,0
go,src/abap/2_statements/expressions/component_cond.ts.ComponentCond::getRunnable,1,0
go,src/abap/2_statements/expressions/component_cond_sub.ts.ComponentCondSub::getRunnable,1,0
go,src/abap/2_statements/expressions/cond.ts.Cond::getRunnable,1,0
go,src/abap/2_statements/expressions/cond_sub.ts.CondSub::getRunnable,1,0
go,src/abap/2_statements/expressions/constant_field_length.ts.ConstantFieldLength::getRunnable,1,0
go,src/abap/2_statements/expressions/decimals.ts.Decimals::getRunnable,1,0
go,src/abap/2_statements/expressions/default.ts.Default::getRunnable,1,0
go,src/abap/2_statements/expressions/dynamic.ts.Dynamic::getRunnable,1,0
go,src/abap/2_statements/expressions/event_handler.ts.EventHandler::getRunnable,1,0
go,src/abap/2_statements/expressions/field_chain.ts.FieldChain::getRunnable,1,0
go,src/abap/2_statements/expressions/field_length.ts.FieldLength::getRunnable,1,0
go,src/abap/2_statements/expressions/field_offset.ts.FieldOffset::getRunnable,1,0
go,src/abap/2_statements/expressions/field_sub.ts.FieldSub::getRunnable,1,0
go,src/abap/2_statements/expressions/form_param.ts.FormParam::getRunnable,1,0
go,src/abap/2_statements/expressions/form_raising.ts.FormRaising::getRunnable,1,0
go,src/abap/2_statements/expressions/function_exporting.ts.FunctionExporting::getRunnable,1,0
go,src/abap/2_statements/expressions/function_exporting_parameter.ts.FunctionExportingParameter::getRunnable,1,0
go,src/abap/2_statements/expressions/function_parameters.ts.FunctionParameters::getRunnable,1,0
go,src/abap/2_statements/expressions/kernel_id.ts.KernelId::getRunnable,1,0
go,src/abap/2_statements/expressions/length.ts.Length::getRunnable,1,0
go,src/abap/2_statements/expressions/loop_target.ts.LoopTarget::getRunnable,1,0
go,src/abap/2_statements/expressions/method_call.ts.MethodCall::getRunnable,1,0
go,src/abap/2_statements/expressions/method_call_chain.ts.MethodCallChain::getRunnable,1,0
go,src/abap/2_statements/expressions/method_call_param.ts.MethodCallParam::getRunnable,1,0
go,src/abap/2_statements/expressions/method_def_exceptions.ts.MethodDefExceptions::getRunnable,1,0
go,src/abap/2_statements/expressions/method_def_raising.ts.MethodDefRaising::getRunnable,1,0
go,src/abap/2_statements/expressions/method_param.ts.MethodParam::getRunnable,1,0
go,src/abap/2_statements/expressions/method_param_name.ts.MethodParamName::getRunnable,1,0
go,src/abap/2_statements/expressions/method_parameters.ts.MethodParameters::getRunnable,1,0
go,src/abap/2_statements/expressions/method_source.ts.MethodSource::getRunnable,1,0
go,src/abap/2_statements/expressions/pass_by_value.ts.PassByValue::getRunnable,1,0
go,src/abap/2_statements/expressions/perform_changing.ts.PerformChanging::getRunnable,1,0
go,src/abap/2_statements/expressions/perform_tables.ts.PerformTables::getRunnable,1,0
go,src/abap/2_statements/expressions/perform_using.ts.PerformUsing::getRunnable,1,0
go,src/abap/2_statements/expressions/read_table_target.ts.ReadTableTarget::getRunnable,1,0
go,src/abap/2_statements/expressions/receive_parameters.ts.ReceiveParameters::getRunnable,1,0
go,src/abap/2_statements/expressions/simple_field_chain.ts.SimpleFieldChain::getRunnable,1,0
go,src/abap/2_statements/expressions/simple_field_chain2.ts.SimpleFieldChain2::getRunnable,1,0
go,src/abap/2_statements/expressions/source.ts.Source::getRunnable,1,0
go,src/abap/2_statements/expressions/sql_client.ts.SQLClient::getRunnable,1,0
go,src/abap/2_statements/expressions/sql_compare_operator.ts.SQLCompareOperator::getRunnable,1,0
go,src/abap/2_statements/expressions/sql_cond.ts.SQLCond::getRunnable,1,0
go,src/abap/2_statements/expressions/sql_field_and_value.ts.SQLFieldAndValue::getRunnable,1,0
go,src/abap/2_statements/expressions/sql_for_all_entries.ts.SQLForAllEntries::getRunnable,1,0
go,src/abap/2_statements/expressions/sql_hints.ts.SQLHints::getRunnable,1,0
go,src/abap/2_statements/expressions/sql_in.ts.SQLIn::getRunnable,1,0
go,src/abap/2_statements/expressions/sql_into_table.ts.SQLIntoTable::getRunnable,1,0
go,src/abap/2_statements/expressions/sql_order_by.ts.SQLOrderBy::getRunnable,1,0
go,src/abap/2_statements/expressions/sql_up_to.ts.SQLUpTo::getRunnable,1,0
go,src/abap/2_statements/expressions/string_template_formatting.ts.StringTemplateFormatting::getRunnable,1,0
go,src/abap/2_statements/expressions/string_template_source.ts.StringTemplateSource::getRunnable,1,0
go,src/abap/2_statements/expressions/table_body.ts.TableBody::getRunnable,1,0
go,src/abap/2_statements/expressions/text_element_string.ts.TextElementString::getRunnable,1,0
go,src/abap/2_statements/expressions/type.ts.Type::getRunnable,1,0
go,src/abap/2_statements/expressions/type_table.ts.TypeTable::getRunnable,1,0
go,src/abap/2_statements/expressions/type_table_key.ts.TypeTableKey::getRunnable,1,0
go,src/abap/2_statements/expressions/value.ts.Value::getRunnable,1,0
go,src/abap/2_statements/expressions/write_offset_length.ts.WriteOffsetLength::getRunnable,1,0
go,src/abap/2_statements/result.ts.Result::constructor,0,1
go,src/abap/2_statements/result.ts.Result::getNodes,0,1
go,src/abap/2_statements/result.ts.Result::wrapConsumed,0,1
go,src/abap/2_statements/statement_parser.ts.StatementMap::lookup,0,2
go,src/abap/2_statements/statement_parser.ts.StatementParser::nativeAfter,0,1
go,src/abap/2_statements/statement_parser.ts.StatementParser::process,0,1
go,src/abap/2_statements/statements/assign.ts.Assign::getMatcher,1,0
go,src/abap/2_statements/statements/check.ts.Check::getMatcher,1,0
go,src/abap/2_statements/statements/check_select_options.ts.CheckSelectOptions::getMatcher,1,0
go,src/abap/2_statements/statements/constant.ts.Constant::getMatcher,1,0
go,src/abap/2_statements/statements/constant_begin.ts.ConstantBegin::getMatcher,1,0
go,src/abap/2_statements/statements/constant_end.ts.ConstantEnd::getMatcher,1,0
go,src/abap/2_statements/statements/endat.ts.EndAt::getMatcher,1,0
go,src/abap/2_statements/statements/find.ts.Find::getMatcher,1,0
go,src/abap/2_statements/statements/form_definition.ts.FormDefinition::getMatcher,1,0
go,src/abap/2_statements/statements/get_bit.ts.GetBit::getMatcher,1,0
go,src/abap/2_statements/statements/import.ts.Import::getMatcher,1,0
go,src/abap/2_statements/statements/include.ts.Include::getMatcher,1,0
go,src/abap/2_statements/statements/include_type.ts.IncludeType::getMatcher,1,0
go,src/abap/2_statements/statements/insert_field_group.ts.InsertFieldGroup::getMatcher,1,0
go,src/abap/2_statements/statements/insert_internal.ts.InsertInternal::getMatcher,1,0
go,src/abap/2_statements/statements/message.ts.Message::getMatcher,1,0
go,src/abap/2_statements/statements/method_def.ts.MethodDef::getMatcher,1,0
go,src/abap/2_statements/statements/move_corresponding.ts.MoveCorresponding::getMatcher,1,0
go,src/abap/2_statements/statements/overlay.ts.Overlay::getMatcher,1,0
go,src/abap/2_statements/statements/raise.ts.Raise::getMatcher,1,0
go,src/abap/2_statements/statements/set_bit.ts.SetBit::getMatcher,1,0
go,src/abap/2_statements/statements/split.ts.Split::getMatcher,1,0
go,src/abap/2_statements/statements/static_begin.ts.StaticBegin::getMatcher,1,0
go,src/abap/2_statements/statements/static_end.ts.StaticEnd::getMatcher,1,0
go,src/abap/2_statements/statements/type.ts.Type::getMatcher,1,0
go,src/abap/2_statements/statements/type_begin.ts.TypeBegin::getMatcher,1,0
go,src/abap/2_statements/statements/type_end.ts.TypeEnd::getMatcher,1,0
go,src/abap/2_statements/statements/type_enum.ts.TypeEnum::getMatcher,1,0
go,src/abap/2_statements/statements/type_enum_begin.ts.TypeEnumBegin::getMatcher,1,0
go,src/abap/2_statements/statements/type_enum_end.ts.TypeEnumEnd::getMatcher,1,0
go,src/abap/2_statements/statements/type_mesh.ts.TypeMesh::getMatcher,1,0
go,src/abap/2_statements/statements/type_mesh_begin.ts.TypeMeshBegin::getMatcher,1,0
go,src/abap/2_statements/statements/type_mesh_end.ts.TypeMeshEnd::getMatcher,1,0
go,src/abap/3_structures/structure_parser.ts.StructureParser::runFile,0,1
go,src/abap/3_structures/structures/_combi.ts.Alternative::setupMap,0,1
go,src/abap/3_structures/structures/_combi.ts.SubStructure::setupMatcher,0,1
go,src/abap/3_structures/structures/_combi.ts.module::sub,0,1
go,src/abap/3_structures/structures/catch.ts.Catch::getMatcher,1,0
go,src/abap/3_structures/structures/cleanup.ts.Cleanup::getMatcher,1,0
go,src/abap/3_structures/structures/else.ts.Else::getMatcher,1,0
go,src/abap/3_structures/structures/elseif.ts.ElseIf::getMatcher,1,0
go,src/abap/3_structures/structures/interface.ts.Interface::getMatcher,1,0
go,src/abap/3_structures/structures/when.ts.When::getMatcher,1,0
go,src/abap/4_file_information/abap_file_information_parser.ts.ABAPFileInformationParser::parse,0,1
go,src/abap/4_file_information/abap_file_information_parser.ts.ABAPFileInformationParser::parseAliases,0,1
go,src/abap/4_file_information/abap_file_information_parser.ts.ABAPFileInformationParser::parseAttributes,0,2
go,src/abap/4_file_information/abap_file_information_parser.ts.ABAPFileInformationParser::parseClasses,0,4
go,src/abap/4_file_information/abap_file_information_parser.ts.ABAPFileInformationParser::parseConstants,0,1
go,src/abap/4_file_information/abap_file_information_parser.ts.ABAPFileInformationParser::parseInterfaces,0,3
go,src/abap/4_file_information/abap_file_information_parser.ts.ABAPFileInformationParser::parseMethodDefinition,0,5
go,src/abap/5_syntax/_builtin.ts.BuiltIn::buildConstant,0,2
go,src/abap/5_syntax/_builtin.ts.BuiltIn::getTypes,0,1
go,src/abap/5_syntax/_builtin.ts.BuiltIn::isPredicate,0,2
go,src/abap/5_syntax/_builtin.ts.BuiltIn::searchBuiltin,0,2
go,src/abap/5_syntax/_builtin.ts.BuiltInMethod::getDefaultImporting,0,1
go,src/abap/5_syntax/_current_scope.ts.CurrentScope::addClassDefinition,0,2
go,src/abap/5_syntax/_current_scope.ts.CurrentScope::addDeferred,0,1
go,src/abap/5_syntax/_current_scope.ts.CurrentScope::addExtraLikeType,0,1
go,src/abap/5_syntax/_current_scope.ts.CurrentScope::addExtraLikeTypeNamed,0,3
go,src/abap/5_syntax/_current_scope.ts.CurrentScope::addFormDefinitions,0,1
go,src/abap/5_syntax/_current_scope.ts.CurrentScope::addIdentifier,0,1
go,src/abap/5_syntax/_current_scope.ts.CurrentScope::addInterfaceDefinition,0,2
go,src/abap/5_syntax/_current_scope.ts.CurrentScope::addNamedIdentifier,0,3
go,src/abap/5_syntax/_current_scope.ts.CurrentScope::addReference,0,2
go,src/abap/5_syntax/_current_scope.ts.CurrentScope::addType,0,1
go,src/abap/5_syntax/_current_scope.ts.CurrentScope::addTypeNamed,0,4
go,src/abap/5_syntax/_current_scope.ts.CurrentScope::existsObject,0,2
go,src/abap/5_syntax/_current_scope.ts.CurrentScope::findClassDefinition,0,1
go,src/abap/5_syntax/_current_scope.ts.CurrentScope::findInterfaceDefinition,0,1
go,src/abap/5_syntax/_current_scope.ts.CurrentScope::findObjectDefinition,0,1
go,src/abap/5_syntax/_current_scope.ts.CurrentScope::findType,0,1
go,src/abap/5_syntax/_current_scope.ts.CurrentScope::findTypePoolConstant,1,2
go,src/abap/5_syntax/_current_scope.ts.CurrentScope::findTypePoolType,1,2
go,src/abap/5_syntax/_current_scope.ts.CurrentScope::findVariable,0,1
go,src/abap/5_syntax/_current_scope.ts.CurrentScope::getEnclosingClassName,0,1
go,src/abap/5_syntax/_current_scope.ts.CurrentScope::getName,0,1
go,src/abap/5_syntax/_current_scope.ts.CurrentScope::getType,0,1
go,src/abap/5_syntax/_current_scope.ts.CurrentScope::isAnyOO,0,1
go,src/abap/5_syntax/_current_scope.ts.CurrentScope::isInStaticMethod,0,1
go,src/abap/5_syntax/_current_scope.ts.CurrentScope::isOO,0,1
go,src/abap/5_syntax/_current_scope.ts.CurrentScope::pop,0,1
go,src/abap/5_syntax/_current_scope.ts.CurrentScope::push,0,1
go,src/abap/5_syntax/_current_scope.ts.CurrentScope::updateFormDefinition,0,1
go,src/abap/5_syntax/_object_oriented.ts.ObjectOriented::addAliasedAttributes,0,1
go,src/abap/5_syntax/_object_oriented.ts.ObjectOriented::addAliasedTypes,0,1
go,src/abap/5_syntax/_object_oriented.ts.ObjectOriented::findClassName,0,1
go,src/abap/5_syntax/_object_oriented.ts.ObjectOriented::findMethod,0,2
go,src/abap/5_syntax/_object_oriented.ts.ObjectOriented::findMethodInSuper,0,1
go,src/abap/5_syntax/_object_oriented.ts.ObjectOriented::findSuperDefinition,0,1
go,src/abap/5_syntax/_object_oriented.ts.ObjectOriented::fromInterfaceByName,0,1
go,src/abap/5_syntax/_object_oriented.ts.ObjectOriented::fromSuperClasses,0,1
go,src/abap/5_syntax/_object_oriented.ts.ObjectOriented::hasFriendship,0,2
go,src/abap/5_syntax/_object_oriented.ts.ObjectOriented::methodReferenceExtras,0,1
go,src/abap/5_syntax/_object_oriented.ts.ObjectOriented::searchAttributeName,0,2
go,src/abap/5_syntax/_object_oriented.ts.ObjectOriented::searchConstantName,0,2
go,src/abap/5_syntax/_object_oriented.ts.ObjectOriented::searchEvent,0,2
go,src/abap/5_syntax/_object_oriented.ts.ObjectOriented::searchMethodName,0,5
go,src/abap/5_syntax/_object_oriented.ts.ObjectOriented::searchTypeName,0,2
go,src/abap/5_syntax/_procedural.ts.Procedural::addAllFormDefinitions,0,1
go,src/abap/5_syntax/_procedural.ts.Procedural::findInclude,0,3
go,src/abap/5_syntax/_type_utils.ts.TypeUtils::isAssignable,0,3
go,src/abap/5_syntax/_type_utils.ts.TypeUtils::isAssignableNew,0,1
go,src/abap/5_syntax/_type_utils.ts.TypeUtils::isAssignableStrict,0,1
go,src/abap/5_syntax/_type_utils.ts.TypeUtils::isCalculated,1,3
go,src/abap/5_syntax/_type_utils.ts.TypeUtils::isCharLike,0,1
go,src/abap/5_syntax/_type_utils.ts.TypeUtils::isCharLikeForCompare,0,1
go,src/abap/5_syntax/_type_utils.ts.TypeUtils::isCharLikeStrict,0,1
go,src/abap/5_syntax/_type_utils.ts.TypeUtils::isCompareable,0,2
go,src/abap/5_syntax/_type_utils.ts.TypeUtils::isHexLike,0,1
go,src/abap/5_syntax/_type_utils.ts.TypeUtils::listAllSupers,0,1
go,src/abap/5_syntax/basic_types.ts.BasicTypes::findLength,0,1
go,src/abap/5_syntax/basic_types.ts.BasicTypes::findValue,0,1
go,src/abap/5_syntax/basic_types.ts.BasicTypes::parseInt,0,1
go,src/abap/5_syntax/basic_types.ts.BasicTypes::parseTable,0,6
go,src/abap/5_syntax/basic_types.ts.BasicTypes::parseType,0,19
go,src/abap/5_syntax/basic_types.ts.BasicTypes::resolveConstantValue,0,3
go,src/abap/5_syntax/basic_types.ts.BasicTypes::resolveLikeName,0,12
go,src/abap/5_syntax/basic_types.ts.BasicTypes::resolveTypeChain,0,14
go,src/abap/5_syntax/basic_types.ts.BasicTypes::resolveTypeName,0,2
go,src/abap/5_syntax/basic_types.ts.BasicTypes::resolveTypeRef,0,1
go,src/abap/5_syntax/basic_types.ts.BasicTypes::simpleType,0,2
go,src/abap/5_syntax/expressions/_check_database_fields.ts.module::checkDatabaseFields,0,2
go,src/abap/5_syntax/expressions/_check_offset_length.ts.module::checkOffsetLength,0,4
go,src/abap/5_syntax/expressions/attribute_chain.ts.AttributeChain::runSyntax,0,5
go,src/abap/5_syntax/expressions/attribute_name.ts.AttributeName::runSyntax,0,5
go,src/abap/5_syntax/expressions/cast.ts.Cast::runSyntax,0,6
go,src/abap/5_syntax/expressions/component_chain.ts.ComponentChain::runSyntax,0,4
go,src/abap/5_syntax/expressions/component_compare.ts.ComponentCompare::runSyntax,0,1
go,src/abap/5_syntax/expressions/component_name.ts.ComponentName::runSyntax,0,2
go,src/abap/5_syntax/expressions/cond_body.ts.CondBody::runSyntax,0,2
go,src/abap/5_syntax/expressions/conv_body.ts.ConvBody::runSyntax,0,1
go,src/abap/5_syntax/expressions/corresponding_body.ts.CorrespondingBody::runSyntax,0,2
go,src/abap/5_syntax/expressions/database_table.ts.DatabaseTable::runSyntax,1,2
go,src/abap/5_syntax/expressions/dereference.ts.Dereference::runSyntax,0,1
go,src/abap/5_syntax/expressions/field_assignment.ts.FieldAssignment::runSyntax,0,3
go,src/abap/5_syntax/expressions/field_chain.ts.FieldChain::findTop,0,1
go,src/abap/5_syntax/expressions/field_chain.ts.FieldChain::runSyntax,0,2
go,src/abap/5_syntax/expressions/filter_body.ts.FilterBody::runSyntax,0,1
go,src/abap/5_syntax/expressions/for.ts.For::runSyntax,0,3
go,src/abap/5_syntax/expressions/form_param.ts.FormParam::runSyntax,0,5
go,src/abap/5_syntax/expressions/fstarget.ts.FSTarget::runSyntax,0,1
go,src/abap/5_syntax/expressions/function_parameters.ts.FunctionParameters::runSyntax,0,1
go,src/abap/5_syntax/expressions/inline_field_definition.ts.InlineFieldDefinition::runSyntax,0,4
go,src/abap/5_syntax/expressions/inline_loop_definition.ts.InlineLoopDefinition::runSyntax,0,5
go,src/abap/5_syntax/expressions/let.ts.Let::runSyntax,0,1
go,src/abap/5_syntax/expressions/message_source.ts.MessageSource::runSyntax,0,1
go,src/abap/5_syntax/expressions/method_call_chain.ts.MethodCallChain::checkVisibility,0,5
go,src/abap/5_syntax/expressions/method_call_chain.ts.MethodCallChain::findTop,0,2
go,src/abap/5_syntax/expressions/method_call_chain.ts.MethodCallChain::runSyntax,1,6
go,src/abap/5_syntax/expressions/method_call_param.ts.MethodCallParam::runSyntax,0,2
go,src/abap/5_syntax/expressions/method_def_returning.ts.MethodDefReturning::runSyntax,0,2
go,src/abap/5_syntax/expressions/method_param.ts.MethodParam::runSyntax,0,2
go,src/abap/5_syntax/expressions/method_parameters.ts.MethodParameters::checkChanging,0,3
go,src/abap/5_syntax/expressions/method_parameters.ts.MethodParameters::checkExporting,0,2
go,src/abap/5_syntax/expressions/method_parameters.ts.MethodParameters::checkImporting,0,3
go,src/abap/5_syntax/expressions/method_parameters.ts.MethodParameters::checkReceiving,0,1
go,src/abap/5_syntax/expressions/method_parameters.ts.MethodParameters::parameterListS,0,5
go,src/abap/5_syntax/expressions/method_parameters.ts.MethodParameters::parameterListT,0,4
go,src/abap/5_syntax/expressions/method_source.ts.MethodSource::findTop,0,2
go,src/abap/5_syntax/expressions/method_source.ts.MethodSource::runSyntax,0,8
go,src/abap/5_syntax/expressions/new_object.ts.NewObject::defaultImportingType,0,1
go,src/abap/5_syntax/expressions/new_object.ts.NewObject::parameters,0,2
go,src/abap/5_syntax/expressions/new_object.ts.NewObject::runSyntax,0,4
go,src/abap/5_syntax/expressions/reduce_body.ts.ReduceBody::runSyntax,0,2
go,src/abap/5_syntax/expressions/reduce_next.ts.ReduceNext::runSyntax,0,1
go,src/abap/5_syntax/expressions/select.ts.Select::buildStructureType,0,3
go,src/abap/5_syntax/expressions/select.ts.Select::buildTableType,0,3
go,src/abap/5_syntax/expressions/select.ts.Select::findFieldType,0,1
go,src/abap/5_syntax/expressions/select.ts.Select::findFields,0,1
go,src/abap/5_syntax/expressions/select.ts.Select::handleInto,0,2
go,src/abap/5_syntax/expressions/select.ts.Select::runSyntax,0,11
go,src/abap/5_syntax/expressions/source.ts.Source::calculationType,0,6
go,src/abap/5_syntax/expressions/source.ts.Source::determineType,0,2
go,src/abap/5_syntax/expressions/source.ts.Source::infer,0,1
go,src/abap/5_syntax/expressions/source.ts.Source::runSyntax,0,11
go,src/abap/5_syntax/expressions/source_field.ts.SourceField::runSyntax,0,1
go,src/abap/5_syntax/expressions/source_field_symbol.ts.SourceFieldSymbol::runSyntax,0,1
go,src/abap/5_syntax/expressions/sql_for_all_entries.ts.SQLForAllEntries::runSyntax,0,1
go,src/abap/5_syntax/expressions/sql_from.ts.SQLFrom::runSyntax,0,1
go,src/abap/5_syntax/expressions/sql_in.ts.SQLIn::isRangeRow,0,1
go,src/abap/5_syntax/expressions/string_template.ts.StringTemplate::runSyntax,0,1
go,src/abap/5_syntax/expressions/switch_body.ts.SwitchBody::runSyntax,0,1
go,src/abap/5_syntax/expressions/table_expression.ts.TableExpression::runSyntax,0,1
go,src/abap/5_syntax/expressions/target.ts.Target::findTop,0,1
go,src/abap/5_syntax/expressions/target.ts.Target::runSyntax,0,3
go,src/abap/5_syntax/expressions/type_table.ts.TypeTable::runSyntax,0,3
go,src/abap/5_syntax/expressions/type_table_key.ts.TypeTableKey::runSyntax,0,1
go,src/abap/5_syntax/expressions/value_body.ts.ValueBody::runSyntax,0,5
go,src/abap/5_syntax/global_definitions/find_global_definitions.ts.FindGlobalDefinitions::countUntyped,0,1
go,src/abap/5_syntax/global_definitions/find_global_definitions.ts.FindGlobalDefinitions::run,0,1
go,src/abap/5_syntax/global_definitions/find_global_definitions.ts.FindGlobalDefinitions::update,0,2
go,src/abap/5_syntax/spaghetti_scope.ts.SpaghettiScopeNode::findClassDefinition,0,2
go,src/abap/5_syntax/spaghetti_scope.ts.SpaghettiScopeNode::findDeferred,0,1
go,src/abap/5_syntax/spaghetti_scope.ts.SpaghettiScopeNode::findFormDefinition,0,1
go,src/abap/5_syntax/spaghetti_scope.ts.SpaghettiScopeNode::findInterfaceDefinition,0,1
go,src/abap/5_syntax/spaghetti_scope.ts.SpaghettiScopeNode::findType,0,1
go,src/abap/5_syntax/spaghetti_scope.ts.SpaghettiScopeNode::findVariable,0,1
go,src/abap/5_syntax/statements/append.ts.Append::runSyntax,0,2
go,src/abap/5_syntax/statements/assign.ts.Assign::runSyntax,0,3
go,src/abap/5_syntax/statements/at_selection_screen.ts.AtSelectionScreen::runSyntax,0,1
go,src/abap/5_syntax/statements/call.ts.Call::runSyntax,0,1
go,src/abap/5_syntax/statements/call_function.ts.CallFunction::runSyntax,0,2
go,src/abap/5_syntax/statements/catch.ts.Catch::runSyntax,0,2
go,src/abap/5_syntax/statements/class_data.ts.ClassData::runSyntax,0,1
go,src/abap/5_syntax/statements/class_implementation.ts.ClassImplementation::runSyntax,0,3
go,src/abap/5_syntax/statements/concatenate.ts.Concatenate::runSyntax,0,3
go,src/abap/5_syntax/statements/create_object.ts.CreateObject::checkInstantiationAllowed,0,2
go,src/abap/5_syntax/statements/create_object.ts.CreateObject::runSyntax,0,8
go,src/abap/5_syntax/statements/create_object.ts.CreateObject::validateParameters,0,3
go,src/abap/5_syntax/statements/delete_database.ts.DeleteDatabase::runSyntax,0,3
go,src/abap/5_syntax/statements/delete_internal.ts.DeleteInternal::runSyntax,0,5
go,src/abap/5_syntax/statements/fieldsymbol.ts.FieldSymbol::runSyntax,0,2
go,src/abap/5_syntax/statements/form.ts.Form::runSyntax,0,2
go,src/abap/5_syntax/statements/get_time.ts.GetTime::compatibleTimeStamp,0,1
go,src/abap/5_syntax/statements/get_time.ts.GetTime::runSyntax,0,1
go,src/abap/5_syntax/statements/include_type.ts.IncludeType::runSyntax,0,2
go,src/abap/5_syntax/statements/insert_database.ts.InsertDatabase::runSyntax,0,1
go,src/abap/5_syntax/statements/insert_internal.ts.InsertInternal::runSyntax,0,5
go,src/abap/5_syntax/statements/loop.ts.Loop::runSyntax,0,14
go,src/abap/5_syntax/statements/method_implementation.ts.MethodImplementation::runSyntax,0,4
go,src/abap/5_syntax/statements/modify_database.ts.ModifyDatabase::runSyntax,0,1
go,src/abap/5_syntax/statements/modify_internal.ts.ModifyInternal::runSyntax,0,1
go,src/abap/5_syntax/statements/move.ts.Move::runSyntax,0,4
go,src/abap/5_syntax/statements/move_corresponding.ts.MoveCorresponding::runSyntax,0,2
go,src/abap/5_syntax/statements/parameter.ts.Parameter::runSyntax,0,1
go,src/abap/5_syntax/statements/perform.ts.Perform::checkParameters,0,1
go,src/abap/5_syntax/statements/perform.ts.Perform::runSyntax,0,2
go,src/abap/5_syntax/statements/raise.ts.Raise::runSyntax,0,4
go,src/abap/5_syntax/statements/read_table.ts.ReadTable::runSyntax,0,4
go,src/abap/5_syntax/statements/return.ts.Return::runSyntax,0,1
go,src/abap/5_syntax/statements/selection_screen.ts.SelectionScreen::runSyntax,0,2
go,src/abap/5_syntax/statements/shift.ts.Shift::runSyntax,0,1
go,src/abap/5_syntax/statements/sort.ts.Sort::runSyntax,0,1
go,src/abap/5_syntax/statements/split.ts.Split::runSyntax,0,1
go,src/abap/5_syntax/statements/tables.ts.Tables::runSyntax,0,1
go,src/abap/5_syntax/statements/unassign.ts.Unassign::runSyntax,0,1
go,src/abap/5_syntax/statements/update_database.ts.UpdateDatabase::runSyntax,0,2
go,src/abap/5_syntax/structures/constants.ts.Constants::runSyntax,0,1
go,src/abap/5_syntax/structures/data.ts.Data::runSyntax,0,1
go,src/abap/5_syntax/structures/types.ts.Types::runSyntax,0,1
go,src/abap/5_syntax/syntax.ts.SyntaxLogic::run,0,1
go,src/abap/5_syntax/syntax.ts.SyntaxLogic::traverse,0,2
go,src/abap/5_syntax/syntax.ts.SyntaxLogic::traverseObject,0,3
go,src/abap/5_syntax/syntax.ts.module::addToMap,0,1
go,src/abap/abap_parser.ts.ABAPParser::constructor,0,1
go,src/abap/nodes/statement_node.ts.StatementNode::getLastToken,0,1
go,src/abap/nodes/structure_node.ts.StructureNode::getFirstToken,0,1
go,src/abap/nodes/structure_node.ts.StructureNode::getLastToken,0,1
go,src/abap/types/basic/structure_type.ts.StructureType::constructor,0,1
go,src/abap/types/class_attributes.ts.Attributes::buildByName,0,2
go,src/abap/types/class_attributes.ts.Attributes::existsInInterface,0,4
go,src/abap/types/class_attributes.ts.Attributes::parseAlias,0,2
go,src/abap/types/class_attributes.ts.Attributes::parseAttribute,0,2
go,src/abap/types/class_attributes.ts.Attributes::parseSection,0,4
go,src/abap/types/class_definition.ts.ClassDefinition::checkEventNameConflicts,0,3
go,src/abap/types/class_definition.ts.ClassDefinition::checkMethodNameConflicts,0,2
go,src/abap/types/class_definition.ts.ClassDefinition::checkMethodsFromSuperClasses,0,2
go,src/abap/types/class_definition.ts.ClassDefinition::constructor,0,4
go,src/abap/types/class_definition.ts.ClassDefinition::findFriends,0,1
go,src/abap/types/class_definition.ts.ClassDefinition::findSuper,1,0
go,src/abap/types/class_definition.ts.ClassDefinition::parse,0,2
go,src/abap/types/event_definition.ts.EventDefinition::constructor,0,1
go,src/abap/types/form_definition.ts.FormDefinition::findTables,0,2
go,src/abap/types/form_definition.ts.FormDefinition::findType,0,1
go,src/abap/types/interface_definition.ts.InterfaceDefinition::constructor,0,1
go,src/abap/types/interface_definition.ts.InterfaceDefinition::parse,0,2
go,src/abap/types/message.ts.Message::constructor,0,3
go,src/abap/types/method_definition.ts.MethodDefinition::constructor,0,1
go,src/abap/types/method_definitions.ts.MethodDefinitions::getByName,0,1
go,src/abap/types/method_implementation.ts.MethodImplementation::constructor,0,1
go,src/abap/types/method_parameters.ts.MethodParameters::add,0,1
go,src/abap/types/method_parameters.ts.MethodParameters::workaroundRAP,0,2
go,src/config.ts.Config::checkVersion,0,1
go,src/config.ts.Config::constructor,0,7
go,src/config.ts.Config::getDefault,0,2
go,src/config.ts.Config::getEnabledRules,0,1
go,src/config.ts.Config::getLanguageVersion,0,1
go,src/config.ts.Config::getRelease,0,3
go,src/ddic.ts.DDIC::inErrorNamespace,0,1
go,src/ddic.ts.DDIC::lookupDDLS,0,1
go,src/ddic.ts.DDIC::lookupTable,0,1
go,src/ddic.ts.DDIC::lookupTableOrView,0,1
go,src/ddic.ts.DDIC::lookupTableOrView2,0,1
go,src/ddic.ts.DDIC::lookupView,0,1
go,src/ddic_references.ts.DDICReferences::addUsing,0,5
go,src/ddic_references.ts.DDICReferences::listUsing,0,1
go,src/edit_helper.ts.EditHelper::deleteStatement,0,5
go,src/edit_helper.ts.EditHelper::findStatement,0,1
go,src/edit_helper.ts.EditHelper::merge,0,2
go,src/edit_helper.ts.EditHelper::mergeList,0,1
go,src/lsp/diagnostics.ts.Diagnostics::mapDiagnostic,1,0
go,src/msag_references.ts.MSAGReferences::addUsing,0,3
go,src/objects/_dynpros.ts.module::parseDynpros,0,2
go,src/objects/class.ts.Class::parseXML,0,3
go,src/objects/interface.ts.Interface::parseXML,0,4
go,src/objects/program.ts.Program::getSequencedFiles,0,1
go,src/objects/program.ts.Program::parseXML,0,2
go,src/objects/type_pool.ts.TypePool::getSequencedFiles,0,1
go,src/registry.ts.ParsingPerformance::output,0,1
go,src/registry.ts.ParsingPerformance::push,0,1
go,src/registry.ts.Registry::addDependency,0,2
go,src/registry.ts.Registry::find,0,1
go,src/registry.ts.Registry::findOrCreate,0,2
go,src/registry.ts.Registry::getObject,0,2
go,src/registry.ts.Registry::removeObject,0,2
go,src/rules/allowed_object_naming.ts.AllowedObjectNaming::run,0,1
go,src/rules/contains_tab.ts.ContainsTab::getConfig_instantiated_src/rules/contains_tab.ts.ContainsTab,0,1
go,src/rules/forbidden_pseudo_and_pragma.ts.ForbiddenPseudoAndPragma::getConfig_instantiated_src/rules/forbidden_pseudo_and_pragma.ts.ForbiddenPseudoAndPragma,0,2
go,src/rules/implement_methods.ts.ImplementMethods::buildFix,0,1
go,src/rules/implement_methods.ts.ImplementMethods::checkClass,0,3
go,src/rules/implement_methods.ts.ImplementMethods::checkInterfaces,0,1
go,src/rules/implement_methods.ts.ImplementMethods::findInterface,1,1
go,src/rules/implement_methods.ts.ImplementMethods::findInterfaceByName,0,1
go,src/rules/implement_methods.ts.ImplementMethods::findInterfaceMethods,0,1
go,src/rules/implement_methods.ts.ImplementMethods::isImplemented,0,7
go,src/rules/implement_methods.ts.ImplementMethods::lookupDefinitionInObject,0,1
go,src/rules/implement_methods.ts.ImplementMethods::lookupImplementationInObject,0,1
go,src/rules/implement_methods.ts.ImplementMethods::runParsed,0,1
go,src/rules/intf_referencing_clas.ts.IntfReferencingClas::getConfig_instantiated_src/rules/intf_referencing_clas.ts.IntfReferencingClas,0,1
go,src/rules/parser_error.ts.ParserError::run,1,0
go,src/rules/select_performance.ts.SelectPerformance::getConfig_instantiated_src/rules/select_performance.ts.SelectPerformance,0,1
go,src/rules/select_single_full_key.ts.SelectSingleFullKey::getConfig_instantiated_src/rules/select_single_full_key.ts.SelectSingleFullKey,0,2
go,src/rules/superclass_final.ts.SuperclassFinal::findInRelatedProgramIncludes,0,3
go,src/rules/superclass_final.ts.SuperclassFinal::runParsed,0,5
go,src/utils/form_length_stats.ts.FormLengthStats::findName,0,1
go,src/utils/include_graph.ts.Graph::addVertex,0,1
go,src/utils/include_graph.ts.Graph::findTop,0,1
go,src/utils/include_graph.ts.IncludeGraph::build,0,2
go,src/utils/include_graph.ts.IncludeGraph::listMainForInclude_instantiated_src/utils/include_graph.ts.IncludeGraph,0,1
go,src/utils/method_length_stats.ts.MethodLengthStats::findName,0,1
go,src/version.ts.module::versionToABAPRelease,0,1
go,src/xml_utils.ts.module::xmlToArray,0,1
abap,harness/registry_run.ts.RegistryRun::parse,0,1
abap,src/abap/1_lexer/lexer.ts.Lexer::add,0,2
abap,src/abap/2_statements/_select_reclassify.ts.module::containsAggregation,0,1
abap,src/abap/2_statements/combi.ts.Combi::railroad,1,0
abap,src/abap/2_statements/combi.ts.Expression::run,0,1
abap,src/abap/2_statements/combi.ts.Expression::run_one,0,1
abap,src/abap/2_statements/combi.ts.StarPriority::run,0,1
abap,src/abap/2_statements/combi.ts.StopBefore1::run,0,1
abap,src/abap/2_statements/combi.ts.StopBefore2::run,0,1
abap,src/abap/2_statements/combi.ts.module::mapInput,0,2
abap,src/abap/2_statements/expand_macros.ts.ExpandMacros::findName,0,1
abap,src/abap/2_statements/expressions/_derived_types.ts.module::derivedTypesAlt,1,0
abap,src/abap/2_statements/expressions/arith_operator.ts.ArithOperator::getRunnable,1,0
abap,src/abap/2_statements/expressions/assign_source.ts.AssignSource::getRunnable,1,0
abap,src/abap/2_statements/expressions/attribute_chain.ts.AttributeChain::getRunnable,1,0
abap,src/abap/2_statements/expressions/compare.ts.Compare::getRunnable,1,0
abap,src/abap/2_statements/expressions/compare_operator.ts.CompareOperator::getRunnable,1,0
abap,src/abap/2_statements/expressions/component_chain.ts.ComponentChain::getRunnable,1,0
abap,src/abap/2_statements/expressions/component_chain_simple.ts.ComponentChainSimple::getRunnable,1,0
abap,src/abap/2_statements/expressions/component_compare.ts.ComponentCompare::getRunnable,1,0
abap,src/abap/2_statements/expressions/component_cond.ts.ComponentCond::getRunnable,1,0
abap,src/abap/2_statements/expressions/component_cond_sub.ts.ComponentCondSub::getRunnable,1,0
abap,src/abap/2_statements/expressions/cond.ts.Cond::getRunnable,1,0
abap,src/abap/2_statements/expressions/cond_sub.ts.CondSub::getRunnable,1,0
abap,src/abap/2_statements/expressions/constant_field_length.ts.ConstantFieldLength::getRunnable,1,0
abap,src/abap/2_statements/expressions/decimals.ts.Decimals::getRunnable,1,0
abap,src/abap/2_statements/expressions/default.ts.Default::getRunnable,1,0
abap,src/abap/2_statements/expressions/dynamic.ts.Dynamic::getRunnable,1,0
abap,src/abap/2_statements/expressions/event_handler.ts.EventHandler::getRunnable,1,0
abap,src/abap/2_statements/expressions/field_chain.ts.FieldChain::getRunnable,1,0
abap,src/abap/2_statements/expressions/field_length.ts.FieldLength::getRunnable,1,0
abap,src/abap/2_statements/expressions/field_offset.ts.FieldOffset::getRunnable,1,0
abap,src/abap/2_statements/expressions/field_sub.ts.FieldSub::getRunnable,1,0
abap,src/abap/2_statements/expressions/form_param.ts.FormParam::getRunnable,1,0
abap,src/abap/2_statements/expressions/form_raising.ts.FormRaising::getRunnable,1,0
abap,src/abap/2_statements/expressions/function_exporting.ts.FunctionExporting::getRunnable,1,0
abap,src/abap/2_statements/expressions/function_exporting_parameter.ts.FunctionExportingParameter::getRunnable,1,0
abap,src/abap/2_statements/expressions/function_parameters.ts.FunctionParameters::getRunnable,1,0
abap,src/abap/2_statements/expressions/kernel_id.ts.KernelId::getRunnable,1,0
abap,src/abap/2_statements/expressions/length.ts.Length::getRunnable,1,0
abap,src/abap/2_statements/expressions/loop_target.ts.LoopTarget::getRunnable,1,0
abap,src/abap/2_statements/expressions/method_call.ts.MethodCall::getRunnable,1,0
abap,src/abap/2_statements/expressions/method_call_chain.ts.MethodCallChain::getRunnable,1,0
abap,src/abap/2_statements/expressions/method_call_param.ts.MethodCallParam::getRunnable,1,0
abap,src/abap/2_statements/expressions/method_def_exceptions.ts.MethodDefExceptions::getRunnable,1,0
abap,src/abap/2_statements/expressions/method_def_raising.ts.MethodDefRaising::getRunnable,1,0
abap,src/abap/2_statements/expressions/method_param.ts.MethodParam::getRunnable,1,0
abap,src/abap/2_statements/expressions/method_param_name.ts.MethodParamName::getRunnable,1,0
abap,src/abap/2_statements/expressions/method_parameters.ts.MethodParameters::getRunnable,1,0
abap,src/abap/2_statements/expressions/method_source.ts.MethodSource::getRunnable,1,0
abap,src/abap/2_statements/expressions/pass_by_value.ts.PassByValue::getRunnable,1,0
abap,src/abap/2_statements/expressions/perform_changing.ts.PerformChanging::getRunnable,1,0
abap,src/abap/2_statements/expressions/perform_tables.ts.PerformTables::getRunnable,1,0
abap,src/abap/2_statements/expressions/perform_using.ts.PerformUsing::getRunnable,1,0
abap,src/abap/2_statements/expressions/read_table_target.ts.ReadTableTarget::getRunnable,1,0
abap,src/abap/2_statements/expressions/receive_parameters.ts.ReceiveParameters::getRunnable,1,0
abap,src/abap/2_statements/expressions/simple_field_chain.ts.SimpleFieldChain::getRunnable,1,0
abap,src/abap/2_statements/expressions/simple_field_chain2.ts.SimpleFieldChain2::getRunnable,1,0
abap,src/abap/2_statements/expressions/source.ts.Source::getRunnable,1,0
abap,src/abap/2_statements/expressions/sql_client.ts.SQLClient::getRunnable,1,0
abap,src/abap/2_statements/expressions/sql_compare_operator.ts.SQLCompareOperator::getRunnable,1,0
abap,src/abap/2_statements/expressions/sql_cond.ts.SQLCond::getRunnable,1,0
abap,src/abap/2_statements/expressions/sql_field_and_value.ts.SQLFieldAndValue::getRunnable,1,0
abap,src/abap/2_statements/expressions/sql_for_all_entries.ts.SQLForAllEntries::getRunnable,1,0
abap,src/abap/2_statements/expressions/sql_hints.ts.SQLHints::getRunnable,1,0
abap,src/abap/2_statements/expressions/sql_in.ts.SQLIn::getRunnable,1,0
abap,src/abap/2_statements/expressions/sql_into_table.ts.SQLIntoTable::getRunnable,1,0
abap,src/abap/2_statements/expressions/sql_order_by.ts.SQLOrderBy::getRunnable,1,0
abap,src/abap/2_statements/expressions/sql_up_to.ts.SQLUpTo::getRunnable,1,0
abap,src/abap/2_statements/expressions/string_template_formatting.ts.StringTemplateFormatting::getRunnable,1,0
abap,src/abap/2_statements/expressions/string_template_source.ts.StringTemplateSource::getRunnable,1,0
abap,src/abap/2_statements/expressions/table_body.ts.TableBody::getRunnable,1,0
abap,src/abap/2_statements/expressions/text_element_string.ts.TextElementString::getRunnable,1,0
abap,src/abap/2_statements/expressions/type.ts.Type::getRunnable,1,0
abap,src/abap/2_statements/expressions/type_table.ts.TypeTable::getRunnable,1,0
abap,src/abap/2_statements/expressions/type_table_key.ts.TypeTableKey::getRunnable,1,0
abap,src/abap/2_statements/expressions/value.ts.Value::getRunnable,1,0
abap,src/abap/2_statements/expressions/write_offset_length.ts.WriteOffsetLength::getRunnable,1,0
abap,src/abap/2_statements/result.ts.Result::constructor,0,1
abap,src/abap/2_statements/result.ts.Result::getNodes,0,1
abap,src/abap/2_statements/result.ts.Result::wrapConsumed,0,1
abap,src/abap/2_statements/statement_parser.ts.StatementMap::lookup,0,2
abap,src/abap/2_statements/statement_parser.ts.StatementParser::nativeAfter,0,1
abap,src/abap/2_statements/statement_parser.ts.StatementParser::process,0,1
abap,src/abap/2_statements/statement_parser.ts.StatementParser::tokensToNodes_one,1,0
abap,src/abap/2_statements/statements/assign.ts.Assign::getMatcher,1,0
abap,src/abap/2_statements/statements/check.ts.Check::getMatcher,1,0
abap,src/abap/2_statements/statements/check_select_options.ts.CheckSelectOptions::getMatcher,1,0
abap,src/abap/2_statements/statements/constant.ts.Constant::getMatcher,1,0
abap,src/abap/2_statements/statements/constant_begin.ts.ConstantBegin::getMatcher,1,0
abap,src/abap/2_statements/statements/constant_end.ts.ConstantEnd::getMatcher,1,0
abap,src/abap/2_statements/statements/endat.ts.EndAt::getMatcher,1,0
abap,src/abap/2_statements/statements/find.ts.Find::getMatcher,1,0
abap,src/abap/2_statements/statements/form_definition.ts.FormDefinition::getMatcher,1,0
abap,src/abap/2_statements/statements/get_bit.ts.GetBit::getMatcher,1,0
abap,src/abap/2_statements/statements/import.ts.Import::getMatcher,1,0
abap,src/abap/2_statements/statements/include.ts.Include::getMatcher,1,0
abap,src/abap/2_statements/statements/include_type.ts.IncludeType::getMatcher,1,0
abap,src/abap/2_statements/statements/insert_field_group.ts.InsertFieldGroup::getMatcher,1,0
abap,src/abap/2_statements/statements/insert_internal.ts.InsertInternal::getMatcher,1,0
abap,src/abap/2_statements/statements/message.ts.Message::getMatcher,1,0
abap,src/abap/2_statements/statements/method_def.ts.MethodDef::getMatcher,1,0
abap,src/abap/2_statements/statements/move_corresponding.ts.MoveCorresponding::getMatcher,1,0
abap,src/abap/2_statements/statements/overlay.ts.Overlay::getMatcher,1,0
abap,src/abap/2_statements/statements/raise.ts.Raise::getMatcher,1,0
abap,src/abap/2_statements/statements/set_bit.ts.SetBit::getMatcher,1,0
abap,src/abap/2_statements/statements/split.ts.Split::getMatcher,1,0
abap,src/abap/2_statements/statements/static_begin.ts.StaticBegin::getMatcher,1,0
abap,src/abap/2_statements/statements/static_end.ts.StaticEnd::getMatcher,1,0
abap,src/abap/2_statements/statements/type.ts.Type::getMatcher,1,0
abap,src/abap/2_statements/statements/type_begin.ts.TypeBegin::getMatcher,1,0
abap,src/abap/2_statements/statements/type_end.ts.TypeEnd::getMatcher,1,0
abap,src/abap/2_statements/statements/type_enum.ts.TypeEnum::getMatcher,1,0
abap,src/abap/2_statements/statements/type_enum_begin.ts.TypeEnumBegin::getMatcher,1,0
abap,src/abap/2_statements/statements/type_enum_end.ts.TypeEnumEnd::getMatcher,1,0
abap,src/abap/2_statements/statements/type_mesh.ts.TypeMesh::getMatcher,1,0
abap,src/abap/2_statements/statements/type_mesh_begin.ts.TypeMeshBegin::getMatcher,1,0
abap,src/abap/2_statements/statements/type_mesh_end.ts.TypeMeshEnd::getMatcher,1,0
abap,src/abap/3_structures/structure_parser.ts.StructureParser::runFile,0,1
abap,src/abap/3_structures/structures/_combi.ts.Alternative::setupMap,0,1
abap,src/abap/3_structures/structures/_combi.ts.SubStructure::first,0,1
abap,src/abap/3_structures/structures/_combi.ts.SubStructure::run,0,1
abap,src/abap/3_structures/structures/_combi.ts.SubStructure::setupMatcher,0,1
abap,src/abap/3_structures/structures/_combi.ts.module::sub,0,1
abap,src/abap/3_structures/structures/catch.ts.Catch::getMatcher,1,0
abap,src/abap/3_structures/structures/cleanup.ts.Cleanup::getMatcher,1,0
abap,src/abap/3_structures/structures/else.ts.Else::getMatcher,1,0
abap,src/abap/3_structures/structures/elseif.ts.ElseIf::getMatcher,1,0
abap,src/abap/3_structures/structures/interface.ts.Interface::getMatcher,1,0
abap,src/abap/3_structures/structures/when.ts.When::getMatcher,1,0
abap,src/abap/4_file_information/abap_file_information_parser.ts.ABAPFileInformationParser::parse,0,1
abap,src/abap/4_file_information/abap_file_information_parser.ts.ABAPFileInformationParser::parseAliases,0,1
abap,src/abap/4_file_information/abap_file_information_parser.ts.ABAPFileInformationParser::parseAttributes,0,2
abap,src/abap/4_file_information/abap_file_information_parser.ts.ABAPFileInformationParser::parseClasses,0,4
abap,src/abap/4_file_information/abap_file_information_parser.ts.ABAPFileInformationParser::parseConstants,0,1
abap,src/abap/4_file_information/abap_file_information_parser.ts.ABAPFileInformationParser::parseInterfaces,0,3
abap,src/abap/4_file_information/abap_file_information_parser.ts.ABAPFileInformationParser::parseMethodDefinition,0,5
abap,src/abap/5_syntax/_builtin.ts.BuiltIn::buildConstant,0,2
abap,src/abap/5_syntax/_builtin.ts.BuiltIn::getTypes,0,1
abap,src/abap/5_syntax/_builtin.ts.BuiltIn::isPredicate,0,2
abap,src/abap/5_syntax/_builtin.ts.BuiltIn::searchBuiltin,0,2
abap,src/abap/5_syntax/_builtin.ts.BuiltInMethod::getDefaultImporting,0,1
abap,src/abap/5_syntax/_current_scope.ts.CurrentScope::addBuiltIn,0,2
abap,src/abap/5_syntax/_current_scope.ts.CurrentScope::addClassDefinition,0,2
abap,src/abap/5_syntax/_current_scope.ts.CurrentScope::addDeferred,0,1
abap,src/abap/5_syntax/_current_scope.ts.CurrentScope::addExtraLikeType,0,1
abap,src/abap/5_syntax/_current_scope.ts.CurrentScope::addExtraLikeTypeNamed,0,3
abap,src/abap/5_syntax/_current_scope.ts.CurrentScope::addFormDefinitions,0,1
abap,src/abap/5_syntax/_current_scope.ts.CurrentScope::addIdentifier,0,1
abap,src/abap/5_syntax/_current_scope.ts.CurrentScope::addInterfaceDefinition,0,2
abap,src/abap/5_syntax/_current_scope.ts.CurrentScope::addList,0,1
abap,src/abap/5_syntax/_current_scope.ts.CurrentScope::addNamedIdentifier,0,3
abap,src/abap/5_syntax/_current_scope.ts.CurrentScope::addReference,0,2
abap,src/abap/5_syntax/_current_scope.ts.CurrentScope::addType,0,1
abap,src/abap/5_syntax/_current_scope.ts.CurrentScope::addTypeNamed,0,4
abap,src/abap/5_syntax/_current_scope.ts.CurrentScope::buildDefault,1,2
abap,src/abap/5_syntax/_current_scope.ts.CurrentScope::existsObject,0,2
abap,src/abap/5_syntax/_current_scope.ts.CurrentScope::findClassDefinition,0,1
abap,src/abap/5_syntax/_current_scope.ts.CurrentScope::findInterfaceDefinition,0,1
abap,src/abap/5_syntax/_current_scope.ts.CurrentScope::findObjectDefinition,0,3
abap,src/abap/5_syntax/_current_scope.ts.CurrentScope::findType,0,1
abap,src/abap/5_syntax/_current_scope.ts.CurrentScope::findTypePoolConstant,1,2
abap,src/abap/5_syntax/_current_scope.ts.CurrentScope::findTypePoolType,1,2
abap,src/abap/5_syntax/_current_scope.ts.CurrentScope::findVariable,0,1
abap,src/abap/5_syntax/_current_scope.ts.CurrentScope::getEnclosingClassName,0,1
abap,src/abap/5_syntax/_current_scope.ts.CurrentScope::getName,0,1
abap,src/abap/5_syntax/_current_scope.ts.CurrentScope::getType,0,1
abap,src/abap/5_syntax/_current_scope.ts.CurrentScope::isAnyOO,0,1
abap,src/abap/5_syntax/_current_scope.ts.CurrentScope::isInStaticMethod,0,1
abap,src/abap/5_syntax/_current_scope.ts.CurrentScope::isOO,0,1
abap,src/abap/5_syntax/_current_scope.ts.CurrentScope::pop,0,1
abap,src/abap/5_syntax/_current_scope.ts.CurrentScope::push,0,1
abap,src/abap/5_syntax/_current_scope.ts.CurrentScope::updateFormDefinition,0,1
abap,src/abap/5_syntax/_object_oriented.ts.ObjectOriented::addAliasedAttributes,0,3
abap,src/abap/5_syntax/_object_oriented.ts.ObjectOriented::addAliasedTypes,0,4
abap,src/abap/5_syntax/_object_oriented.ts.ObjectOriented::findClassName,0,1
abap,src/abap/5_syntax/_object_oriented.ts.ObjectOriented::findInterfaces,0,1
abap,src/abap/5_syntax/_object_oriented.ts.ObjectOriented::findMethod,0,2
abap,src/abap/5_syntax/_object_oriented.ts.ObjectOriented::findMethodInInterface,0,1
abap,src/abap/5_syntax/_object_oriented.ts.ObjectOriented::findMethodInSuper,0,1
abap,src/abap/5_syntax/_object_oriented.ts.ObjectOriented::findMethodViaAlias,0,1
abap,src/abap/5_syntax/_object_oriented.ts.ObjectOriented::findSuperDefinition,0,2
abap,src/abap/5_syntax/_object_oriented.ts.ObjectOriented::fromInterfaceByName,0,2
abap,src/abap/5_syntax/_object_oriented.ts.ObjectOriented::fromSuperClasses,0,4
abap,src/abap/5_syntax/_object_oriented.ts.ObjectOriented::hasFriendship,0,4
abap,src/abap/5_syntax/_object_oriented.ts.ObjectOriented::listInterfacesRecursive,0,1
abap,src/abap/5_syntax/_object_oriented.ts.ObjectOriented::methodReferenceExtras,0,1
abap,src/abap/5_syntax/_object_oriented.ts.ObjectOriented::searchAttributeName,0,6
abap,src/abap/5_syntax/_object_oriented.ts.ObjectOriented::searchConstantName,0,6
abap,src/abap/5_syntax/_object_oriented.ts.ObjectOriented::searchEvent,0,6
abap,src/abap/5_syntax/_object_oriented.ts.ObjectOriented::searchMethodName,0,6
abap,src/abap/5_syntax/_object_oriented.ts.ObjectOriented::searchTypeName,0,6
abap,src/abap/5_syntax/_procedural.ts.Procedural::addAllFormDefinitions,0,1
abap,src/abap/5_syntax/_procedural.ts.Procedural::findInclude,0,3
abap,src/abap/5_syntax/_type_utils.ts.TypeUtils::isAssignable,0,3
abap,src/abap/5_syntax/_type_utils.ts.TypeUtils::isAssignableNew,0,1
abap,src/abap/5_syntax/_type_utils.ts.TypeUtils::isAssignableStrict,0,1
abap,src/abap/5_syntax/_type_utils.ts.TypeUtils::isCalculated,1,3
abap,src/abap/5_syntax/_type_utils.ts.TypeUtils::isCharLike,0,1
abap,src/abap/5_syntax/_type_utils.ts.TypeUtils::isCharLikeForCompare,0,1
abap,src/abap/5_syntax/_type_utils.ts.TypeUtils::isCharLikeStrict,0,1
abap,src/abap/5_syntax/_type_utils.ts.TypeUtils::isCompareable,0,2
abap,src/abap/5_syntax/_type_utils.ts.TypeUtils::isHexLike,0,1
abap,src/abap/5_syntax/_type_utils.ts.TypeUtils::isOOAssignable,0,6
abap,src/abap/5_syntax/_type_utils.ts.TypeUtils::listAllInterfaces,0,2
abap,src/abap/5_syntax/_type_utils.ts.TypeUtils::listAllSupers,0,2
abap,src/abap/5_syntax/basic_types.ts.BasicTypes::findLength,0,1
abap,src/abap/5_syntax/basic_types.ts.BasicTypes::findValue,0,1
abap,src/abap/5_syntax/basic_types.ts.BasicTypes::parseInt,0,1
abap,src/abap/5_syntax/basic_types.ts.BasicTypes::parseTable,0,6
abap,src/abap/5_syntax/basic_types.ts.BasicTypes::parseType,0,19
abap,src/abap/5_syntax/basic_types.ts.BasicTypes::resolveConstantValue,0,9
abap,src/abap/5_syntax/basic_types.ts.BasicTypes::resolveLikeName,0,15
abap,src/abap/5_syntax/basic_types.ts.BasicTypes::resolveTypeChain,0,28
abap,src/abap/5_syntax/basic_types.ts.BasicTypes::resolveTypeName,0,4
abap,src/abap/5_syntax/basic_types.ts.BasicTypes::resolveTypeRef,0,2
abap,src/abap/5_syntax/basic_types.ts.BasicTypes::simpleType,0,2
abap,src/abap/5_syntax/expressions/_check_database_fields.ts.module::checkDatabaseFields,0,2
abap,src/abap/5_syntax/expressions/_check_offset_length.ts.module::checkOffsetLength,0,4
abap,src/abap/5_syntax/expressions/attribute_chain.ts.AttributeChain::runSyntax,0,8
abap,src/abap/5_syntax/expressions/attribute_name.ts.AttributeName::runSyntax,0,9
abap,src/abap/5_syntax/expressions/cast.ts.Cast::runSyntax,0,12
abap,src/abap/5_syntax/expressions/compare.ts.Compare::runSyntax,0,1
abap,src/abap/5_syntax/expressions/component_chain.ts.ComponentChain::runSyntax,0,7
abap,src/abap/5_syntax/expressions/component_compare.ts.ComponentCompare::runSyntax,0,1
abap,src/abap/5_syntax/expressions/component_name.ts.ComponentName::runSyntax,0,2
abap,src/abap/5_syntax/expressions/cond_body.ts.CondBody::runSyntax,0,2
abap,src/abap/5_syntax/expressions/conv_body.ts.ConvBody::runSyntax,0,1
abap,src/abap/5_syntax/expressions/corresponding_body.ts.CorrespondingBody::runSyntax,0,2
abap,src/abap/5_syntax/expressions/database_table.ts.DatabaseTable::runSyntax,1,3
abap,src/abap/5_syntax/expressions/dereference.ts.Dereference::runSyntax,0,1
abap,src/abap/5_syntax/expressions/field_assignment.ts.FieldAssignment::runSyntax,0,3
abap,src/abap/5_syntax/expressions/field_chain.ts.FieldChain::findTop,0,2
abap,src/abap/5_syntax/expressions/field_chain.ts.FieldChain::runSyntax,0,3
abap,src/abap/5_syntax/expressions/filter_body.ts.FilterBody::runSyntax,0,1
abap,src/abap/5_syntax/expressions/for.ts.For::runSyntax,0,5
abap,src/abap/5_syntax/expressions/form_param.ts.FormParam::runSyntax,0,8
abap,src/abap/5_syntax/expressions/fstarget.ts.FSTarget::runSyntax,0,2
abap,src/abap/5_syntax/expressions/function_parameters.ts.FunctionParameters::runSyntax,0,2
abap,src/abap/5_syntax/expressions/inline_data.ts.InlineData::runSyntax,0,2
abap,src/abap/5_syntax/expressions/inline_field_definition.ts.InlineFieldDefinition::runSyntax,0,6
abap,src/abap/5_syntax/expressions/inline_fs.ts.InlineFS::runSyntax,0,2
abap,src/abap/5_syntax/expressions/inline_loop_definition.ts.InlineLoopDefinition::runSyntax,0,7
abap,src/abap/5_syntax/expressions/let.ts.Let::runSyntax,0,2
abap,src/abap/5_syntax/expressions/message_source.ts.MessageSource::runSyntax,0,1
abap,src/abap/5_syntax/expressions/method_call_chain.ts.MethodCallChain::checkVisibility,0,8
abap,src/abap/5_syntax/expressions/method_call_chain.ts.MethodCallChain::findTop,0,7
abap,src/abap/5_syntax/expressions/method_call_chain.ts.MethodCallChain::runSyntax,1,12
abap,src/abap/5_syntax/expressions/method_call_param.ts.MethodCallParam::runSyntax,0,2
abap,src/abap/5_syntax/expressions/method_def_returning.ts.MethodDefReturning::runSyntax,0,2
abap,src/abap/5_syntax/expressions/method_param.ts.MethodParam::runSyntax,0,2
abap,src/abap/5_syntax/expressions/method_parameters.ts.MethodParameters::checkChanging,0,3
abap,src/abap/5_syntax/expressions/method_parameters.ts.MethodParameters::checkExporting,0,2
abap,src/abap/5_syntax/expressions/method_parameters.ts.MethodParameters::checkImporting,0,3
abap,src/abap/5_syntax/expressions/method_parameters.ts.MethodParameters::checkReceiving,0,1
abap,src/abap/5_syntax/expressions/method_parameters.ts.MethodParameters::parameterListS,0,5
abap,src/abap/5_syntax/expressions/method_parameters.ts.MethodParameters::parameterListT,0,4
abap,src/abap/5_syntax/expressions/method_source.ts.MethodSource::findTop,0,6
abap,src/abap/5_syntax/expressions/method_source.ts.MethodSource::runSyntax,0,15
abap,src/abap/5_syntax/expressions/new_object.ts.NewObject::defaultImportingType,0,1
abap,src/abap/5_syntax/expressions/new_object.ts.NewObject::parameters,0,5
abap,src/abap/5_syntax/expressions/new_object.ts.NewObject::runSyntax,0,11
abap,src/abap/5_syntax/expressions/reduce_body.ts.ReduceBody::runSyntax,0,3
abap,src/abap/5_syntax/expressions/reduce_next.ts.ReduceNext::runSyntax,0,1
abap,src/abap/5_syntax/expressions/select.ts.Select::buildStructureType,0,3
abap,src/abap/5_syntax/expressions/select.ts.Select::buildTableType,0,3
abap,src/abap/5_syntax/expressions/select.ts.Select::findFieldType,0,1
abap,src/abap/5_syntax/expressions/select.ts.Select::findFields,0,1
abap,src/abap/5_syntax/expressions/select.ts.Select::handleInto,0,2
abap,src/abap/5_syntax/expressions/select.ts.Select::runSyntax,0,13
abap,src/abap/5_syntax/expressions/source.ts.Source::addIfInferred,0,3
abap,src/abap/5_syntax/expressions/source.ts.Source::calculationType,0,6
abap,src/abap/5_syntax/expressions/source.ts.Source::determineType,0,3
abap,src/abap/5_syntax/expressions/source.ts.Source::infer,0,1
abap,src/abap/5_syntax/expressions/source.ts.Source::runSyntax,0,11
abap,src/abap/5_syntax/expressions/source_field.ts.SourceField::runSyntax,0,3
abap,src/abap/5_syntax/expressions/source_field_symbol.ts.SourceFieldSymbol::runSyntax,0,2
abap,src/abap/5_syntax/expressions/sql_for_all_entries.ts.SQLForAllEntries::runSyntax,0,1
abap,src/abap/5_syntax/expressions/sql_from.ts.SQLFrom::runSyntax,0,1
abap,src/abap/5_syntax/expressions/sql_in.ts.SQLIn::isRangeRow,0,1
abap,src/abap/5_syntax/expressions/string_template.ts.StringTemplate::runSyntax,0,1
abap,src/abap/5_syntax/expressions/switch_body.ts.SwitchBody::runSyntax,0,1
abap,src/abap/5_syntax/expressions/table_expression.ts.TableExpression::runSyntax,0,1
abap,src/abap/5_syntax/expressions/target.ts.Target::findTop,0,7
abap,src/abap/5_syntax/expressions/target.ts.Target::runSyntax,0,4
abap,src/abap/5_syntax/expressions/type_table.ts.TypeTable::runSyntax,0,3
abap,src/abap/5_syntax/expressions/type_table_key.ts.TypeTableKey::runSyntax,0,1
abap,src/abap/5_syntax/expressions/value_body.ts.ValueBody::runSyntax,0,5
abap,src/abap/5_syntax/global_definitions/find_global_definitions.ts.FindGlobalDefinitions::countUntyped,0,1
abap,src/abap/5_syntax/global_definitions/find_global_definitions.ts.FindGlobalDefinitions::run,0,1
abap,src/abap/5_syntax/global_definitions/find_global_definitions.ts.FindGlobalDefinitions::update,0,2
abap,src/abap/5_syntax/spaghetti_scope.ts.SpaghettiScopeNode::findClassDefinition,0,2
abap,src/abap/5_syntax/spaghetti_scope.ts.SpaghettiScopeNode::findDeferred,0,1
abap,src/abap/5_syntax/spaghetti_scope.ts.SpaghettiScopeNode::findFormDefinition,0,1
abap,src/abap/5_syntax/spaghetti_scope.ts.SpaghettiScopeNode::findInterfaceDefinition,0,1
abap,src/abap/5_syntax/spaghetti_scope.ts.SpaghettiScopeNode::findType,0,1
abap,src/abap/5_syntax/spaghetti_scope.ts.SpaghettiScopeNode::findVariable,0,1
abap,src/abap/5_syntax/statements/append.ts.Append::runSyntax,0,2
abap,src/abap/5_syntax/statements/assign.ts.Assign::runSyntax,0,6
abap,src/abap/5_syntax/statements/at_selection_screen.ts.AtSelectionScreen::runSyntax,0,2
abap,src/abap/5_syntax/statements/call.ts.Call::runSyntax,0,1
abap,src/abap/5_syntax/statements/call_function.ts.CallFunction::runSyntax,0,2
abap,src/abap/5_syntax/statements/catch.ts.Catch::runSyntax,0,5
abap,src/abap/5_syntax/statements/class_data.ts.ClassData::runSyntax,0,1
abap,src/abap/5_syntax/statements/class_deferred.ts.ClassDeferred::runSyntax,0,1
abap,src/abap/5_syntax/statements/class_implementation.ts.ClassImplementation::runSyntax,0,11
abap,src/abap/5_syntax/statements/concatenate.ts.Concatenate::runSyntax,0,3
abap,src/abap/5_syntax/statements/create_data.ts.CreateData::runSyntax,0,3
abap,src/abap/5_syntax/statements/create_object.ts.CreateObject::checkInstantiationAllowed,0,4
abap,src/abap/5_syntax/statements/create_object.ts.CreateObject::runSyntax,0,15
abap,src/abap/5_syntax/statements/create_object.ts.CreateObject::validateParameters,0,3
abap,src/abap/5_syntax/statements/delete_database.ts.DeleteDatabase::runSyntax,0,3
abap,src/abap/5_syntax/statements/delete_internal.ts.DeleteInternal::runSyntax,0,8
abap,src/abap/5_syntax/statements/export.ts.Export::runSyntax,0,2
abap,src/abap/5_syntax/statements/fieldsymbol.ts.FieldSymbol::runSyntax,0,5
abap,src/abap/5_syntax/statements/form.ts.Form::runSyntax,0,3
abap,src/abap/5_syntax/statements/get_time.ts.GetTime::compatibleTimeStamp,0,1
abap,src/abap/5_syntax/statements/get_time.ts.GetTime::runSyntax,0,2
abap,src/abap/5_syntax/statements/import.ts.Import::runSyntax,0,2
abap,src/abap/5_syntax/statements/include_type.ts.IncludeType::runSyntax,0,4
abap,src/abap/5_syntax/statements/insert_database.ts.InsertDatabase::runSyntax,0,1
abap,src/abap/5_syntax/statements/insert_internal.ts.InsertInternal::runSyntax,0,5
abap,src/abap/5_syntax/statements/interface_deferred.ts.InterfaceDeferred::runSyntax,0,1
abap,src/abap/5_syntax/statements/loop.ts.Loop::runSyntax,0,14
abap,src/abap/5_syntax/statements/method_implementation.ts.MethodImplementation::runSyntax,0,8
abap,src/abap/5_syntax/statements/modify_database.ts.ModifyDatabase::runSyntax,0,2
abap,src/abap/5_syntax/statements/modify_internal.ts.ModifyInternal::runSyntax,0,1
abap,src/abap/5_syntax/statements/move.ts.Move::runSyntax,0,8
abap,src/abap/5_syntax/statements/move_corresponding.ts.MoveCorresponding::runSyntax,0,2
abap,src/abap/5_syntax/statements/parameter.ts.Parameter::runSyntax,0,4
abap,src/abap/5_syntax/statements/perform.ts.Perform::checkParameters,0,1
abap,src/abap/5_syntax/statements/perform.ts.Perform::runSyntax,0,2
abap,src/abap/5_syntax/statements/raise.ts.Raise::runSyntax,0,11
abap,src/abap/5_syntax/statements/raise_event.ts.RaiseEvent::runSyntax,0,1
abap,src/abap/5_syntax/statements/read_table.ts.ReadTable::runSyntax,0,4
abap,src/abap/5_syntax/statements/return.ts.Return::runSyntax,0,1
abap,src/abap/5_syntax/statements/selection_screen.ts.SelectionScreen::runSyntax,0,3
abap,src/abap/5_syntax/statements/shift.ts.Shift::runSyntax,0,1
abap,src/abap/5_syntax/statements/sort.ts.Sort::runSyntax,0,1
abap,src/abap/5_syntax/statements/split.ts.Split::runSyntax,0,1
abap,src/abap/5_syntax/statements/tables.ts.Tables::runSyntax,0,5
abap,src/abap/5_syntax/statements/unassign.ts.Unassign::runSyntax,0,2
abap,src/abap/5_syntax/statements/update_database.ts.UpdateDatabase::runSyntax,0,4
abap,src/abap/5_syntax/structures/constants.ts.Constants::runSyntax,0,1
abap,src/abap/5_syntax/structures/data.ts.Data::runCommonPartSyntax,0,6
abap,src/abap/5_syntax/structures/data.ts.Data::runSyntax,0,1
abap,src/abap/5_syntax/structures/types.ts.Types::runSyntax,0,1
abap,src/abap/5_syntax/syntax.ts.SyntaxLogic::run,0,1
abap,src/abap/5_syntax/syntax.ts.SyntaxLogic::traverse,0,2
abap,src/abap/5_syntax/syntax.ts.SyntaxLogic::traverseObject,0,5
abap,src/abap/5_syntax/syntax.ts.SyntaxLogic::updateScopeStatement,0,5
abap,src/abap/5_syntax/syntax.ts.SyntaxLogic::updateScopeStructure,0,5
abap,src/abap/5_syntax/syntax.ts.SyntaxLogic::updateSelectionEventScope,0,1
abap,src/abap/5_syntax/syntax.ts.module::addToMap,0,1
abap,src/abap/abap_parser.ts.ABAPParser::constructor,0,1
abap,src/abap/abap_parser.ts.ABAPParser::parse,0,1
abap,src/abap/nodes/statement_node.ts.StatementNode::getLastToken,0,1
abap,src/abap/nodes/structure_node.ts.StructureNode::getFirstToken,0,1
abap,src/abap/nodes/structure_node.ts.StructureNode::getLastToken,0,1
abap,src/abap/types/basic/structure_type.ts.StructureType::constructor,0,1
abap,src/abap/types/class_attributes.ts.Attributes::buildByName,0,2
abap,src/abap/types/class_attributes.ts.Attributes::existsInInterface,0,5
abap,src/abap/types/class_attributes.ts.Attributes::parseAlias,0,4
abap,src/abap/types/class_attributes.ts.Attributes::parseAttribute,0,3
abap,src/abap/types/class_attributes.ts.Attributes::parseSection,0,12
abap,src/abap/types/class_definition.ts.ClassDefinition::addReference,0,2
abap,src/abap/types/class_definition.ts.ClassDefinition::checkEventNameConflicts,0,4
abap,src/abap/types/class_definition.ts.ClassDefinition::checkMethodNameConflicts,0,2
abap,src/abap/types/class_definition.ts.ClassDefinition::checkMethodsFromSuperClasses,0,3
abap,src/abap/types/class_definition.ts.ClassDefinition::constructor,0,7
abap,src/abap/types/class_definition.ts.ClassDefinition::findFriends,0,3
abap,src/abap/types/class_definition.ts.ClassDefinition::findSuper,1,2
abap,src/abap/types/class_definition.ts.ClassDefinition::parse,0,4
abap,src/abap/types/event_definition.ts.EventDefinition::constructor,0,1
abap,src/abap/types/form_definition.ts.FormDefinition::constructor,0,2
abap,src/abap/types/form_definition.ts.FormDefinition::findTables,0,2
abap,src/abap/types/form_definition.ts.FormDefinition::findType,0,1
abap,src/abap/types/interface_definition.ts.InterfaceDefinition::checkInterfacesExists,0,2
abap,src/abap/types/interface_definition.ts.InterfaceDefinition::constructor,0,2
abap,src/abap/types/interface_definition.ts.InterfaceDefinition::parse,0,2
abap,src/abap/types/message.ts.Message::constructor,0,3
abap,src/abap/types/method_definition.ts.MethodDefinition::constructor,0,4
abap,src/abap/types/method_definitions.ts.MethodDefinitions::getByName,0,1
abap,src/abap/types/method_implementation.ts.MethodImplementation::constructor,0,1
abap,src/abap/types/method_parameters.ts.MethodParameters::add,0,2
abap,src/abap/types/method_parameters.ts.MethodParameters::constructor,0,1
abap,src/abap/types/method_parameters.ts.MethodParameters::parse,0,4
abap,src/abap/types/method_parameters.ts.MethodParameters::workaroundRAP,0,2
abap,src/config.ts.Config::checkVersion,0,1
abap,src/config.ts.Config::constructor,0,7
abap,src/config.ts.Config::getDefault,0,2
abap,src/config.ts.Config::getEnabledRules,0,1
abap,src/config.ts.Config::getLanguageVersion,0,1
abap,src/config.ts.Config::getRelease,0,3
abap,src/config.ts.Config::isOpenABAP,0,3
abap,src/ddic.ts.DDIC::inErrorNamespace,0,1
abap,src/ddic.ts.DDIC::lookupDDLS,0,1
abap,src/ddic.ts.DDIC::lookupTable,0,1
abap,src/ddic.ts.DDIC::lookupTableOrView,0,2
abap,src/ddic.ts.DDIC::lookupTableOrView2,0,1
abap,src/ddic.ts.DDIC::lookupView,0,1
abap,src/ddic_references.ts.DDICReferences::addUsing,0,5
abap,src/ddic_references.ts.DDICReferences::clear,0,1
abap,src/ddic_references.ts.DDICReferences::listUsing,0,1
abap,src/edit_helper.ts.EditHelper::deleteStatement,0,5
abap,src/edit_helper.ts.EditHelper::findStatement,0,1
abap,src/edit_helper.ts.EditHelper::merge,0,2
abap,src/edit_helper.ts.EditHelper::mergeList,0,1
abap,src/lsp/diagnostics.ts.Diagnostics::mapDiagnostic,1,0
abap,src/msag_references.ts.MSAGReferences::addUsing,0,3
abap,src/objects/_dynpros.ts.module::parseDynpros,0,2
abap,src/objects/class.ts.Class::parseXML,0,3
abap,src/objects/interface.ts.Interface::parseXML,0,4
abap,src/objects/program.ts.Program::getSequencedFiles,0,1
abap,src/objects/program.ts.Program::parseXML,0,2
abap,src/objects/type_pool.ts.TypePool::getSequencedFiles,0,1
abap,src/registry.ts.ParsingPerformance::output,0,1
abap,src/registry.ts.ParsingPerformance::push,0,1
abap,src/registry.ts.Registry::addDependency,0,2
abap,src/registry.ts.Registry::find,0,1
abap,src/registry.ts.Registry::findOrCreate,0,2
abap,src/registry.ts.Registry::getObject,0,2
abap,src/registry.ts.Registry::removeObject,0,2
abap,src/rules/allowed_object_naming.ts.AllowedObjectNaming::run,0,1
abap,src/rules/contains_tab.ts.ContainsTab::getConfig_instantiated_src/rules/contains_tab.ts.ContainsTab,0,1
abap,src/rules/forbidden_pseudo_and_pragma.ts.ForbiddenPseudoAndPragma::getConfig_instantiated_src/rules/forbidden_pseudo_and_pragma.ts.ForbiddenPseudoAndPragma,0,2
abap,src/rules/implement_methods.ts.ImplementMethods::buildFix,0,1
abap,src/rules/implement_methods.ts.ImplementMethods::checkClass,0,3
abap,src/rules/implement_methods.ts.ImplementMethods::checkInterfaces,0,1
abap,src/rules/implement_methods.ts.ImplementMethods::findInterface,1,1
abap,src/rules/implement_methods.ts.ImplementMethods::findInterfaceByName,0,1
abap,src/rules/implement_methods.ts.ImplementMethods::findInterfaceMethods,0,1
abap,src/rules/implement_methods.ts.ImplementMethods::isImplemented,0,7
abap,src/rules/implement_methods.ts.ImplementMethods::lookupDefinitionInObject,0,1
abap,src/rules/implement_methods.ts.ImplementMethods::lookupImplementationInObject,0,1
abap,src/rules/implement_methods.ts.ImplementMethods::runParsed,0,1
abap,src/rules/intf_referencing_clas.ts.IntfReferencingClas::getConfig_instantiated_src/rules/intf_referencing_clas.ts.IntfReferencingClas,0,1
abap,src/rules/parser_error.ts.ParserError::run,1,0
abap,src/rules/select_performance.ts.SelectPerformance::getConfig_instantiated_src/rules/select_performance.ts.SelectPerformance,0,1
abap,src/rules/select_single_full_key.ts.SelectSingleFullKey::getConfig_instantiated_src/rules/select_single_full_key.ts.SelectSingleFullKey,0,2
abap,src/rules/superclass_final.ts.SuperclassFinal::findInRelatedProgramIncludes,0,3
abap,src/rules/superclass_final.ts.SuperclassFinal::runParsed,0,5
abap,src/utils/form_length_stats.ts.FormLengthStats::findName,0,1
abap,src/utils/include_graph.ts.Graph::addVertex,0,1
abap,src/utils/include_graph.ts.Graph::findTop,0,1
abap,src/utils/include_graph.ts.IncludeGraph::addVertices,0,5
abap,src/utils/include_graph.ts.IncludeGraph::build,0,2
abap,src/utils/include_graph.ts.IncludeGraph::listMainForInclude_instantiated_src/utils/include_graph.ts.IncludeGraph,0,1
abap,src/utils/method_length_stats.ts.MethodLengthStats::findName,0,1
abap,src/version.ts.module::versionToABAPRelease,0,1
abap,src/xml_utils.ts.module::xmlToArray,0,1
