abap_class,abap_method,abap_loop_line,loop_at,cast_line,caller,hir_site,ts_source,array_binding,element_type,casts_per_row,potential_removed_per_row,no_cross_view,proof
Z_SRC_ABAP_2_S_97ADC9EFEFB8D1,z_member_run_71be1bca84374a,81,LOOP AT t4->items INTO t6.,t5 ?= t6.,src/abap/2_statements/combi.ts.AlternativePriority::run,src/abap/2_statements/combi.ts.AlternativePriority::run/body/s1,src/abap/2_statements/combi.ts:973:5,field:src/abap/2_statements/combi.ts.AlternativePriority/list,interfaceref<src/abap/2_statements/statement_runnable.ts.IStatementRunnable>,1,1,1,no non-null rows resolved (not an exact proof)
Z_SRC_ABAP_2_S_97ADC9EFEFB8D1,z_member_run_71be1bca84374a,121,LOOP AT t24->items INTO t26.,t25 ?= t26.,src/abap/2_statements/combi.ts.AlternativePriority::run,src/abap/2_statements/combi.ts.AlternativePriority::run/body/s1/body/s1/body/s0/else/s0/x/seq/s0,src/abap/2_statements/combi.ts:981:11,src/abap/2_statements/combi.ts.AlternativePriority::run/body/s1/body/s0/local/temp,classref<src/abap/2_statements/result.ts.Result>,1,1,1,exact
Z_SRC_ABAP_2_S_97ADC9EFEFB8D1,z_member_first_8d87896c21eb17,283,LOOP AT t58->items INTO t59.,,src/abap/2_statements/combi.ts.AlternativePriority::first,src/abap/2_statements/combi.ts.AlternativePriority::first/body/s6/x/seq/s0,src/abap/2_statements/combi.ts:1018:5,src/abap/2_statements/combi.ts.AlternativePriority::first/body/s2/local/f2,string,0,0,0,value row
Z_SRC_ABAP_2_S_4228F5CCB84481,z_member_run_71be1bca84374a,79,LOOP AT t15->items INTO t17.,t16 ?= t17.,src/abap/2_statements/combi.ts.Expression::run,src/abap/2_statements/combi.ts.Expression::run/body/s2,src/abap/2_statements/combi.ts:709:5,src/abap/2_statements/combi.ts.Expression::run/param/r,classref<src/abap/2_statements/result.ts.Result>,1,1,1,exact
Z_SRC_ABAP_2_S_4228F5CCB84481,z_member_run_71be1bca84374a,97,LOOP AT t23->items INTO t25.,t24 ?= t25.,src/abap/2_statements/combi.ts.Expression::run,src/abap/2_statements/combi.ts.Expression::run/body/s2/body/s1,src/abap/2_statements/combi.ts:712:7,src/abap/2_statements/combi.ts.Expression::run/body/s2/body/s0/local/temp,classref<src/abap/2_statements/result.ts.Result>,1,1,1,exact
Z_SRC_ABAP_2_S_4228F5CCB84481,z_member_run_o_b86da49c574129,289,LOOP AT t22->items INTO t24.,t23 ?= t24.,src/abap/2_statements/combi.ts.Expression::run_one,src/abap/2_statements/combi.ts.Expression::run_one/body/s2/s2,src/abap/2_statements/combi.ts:712:7,src/abap/2_statements/combi.ts.Expression::run_one/body/s2/s1/local/temp,classref<src/abap/2_statements/result.ts.Result>,1,1,1,exact
Z_SRC_ABAP_2_S_DA316F761B216A,z_member_run_71be1bca84374a,59,LOOP AT t4->items INTO t6.,t5 ?= t6.,src/abap/2_statements/combi.ts.Regex::run,src/abap/2_statements/combi.ts.Regex::run/body/s1,src/abap/2_statements/combi.ts:29:5,src/abap/2_statements/combi.ts.Regex::run/param/r,classref<src/abap/2_statements/result.ts.Result>,1,1,1,exact
Z_SRC_ABAP_2_S_B56EAE38AA1841,z_member_run_71be1bca84374a,81,LOOP AT t4->items INTO t6.,t5 ?= t6.,src/abap/2_statements/combi.ts.Sequence::run,src/abap/2_statements/combi.ts.Sequence::run/body/s1,src/abap/2_statements/combi.ts:611:5,src/abap/2_statements/combi.ts.Sequence::run/param/r,classref<src/abap/2_statements/result.ts.Result>,1,1,1,exact
Z_SRC_ABAP_2_S_B56EAE38AA1841,z_member_run_71be1bca84374a,107,LOOP AT t16->items INTO t18.,t17 ?= t18.,src/abap/2_statements/combi.ts.Sequence::run,src/abap/2_statements/combi.ts.Sequence::run/body/s1/body/s2,src/abap/2_statements/combi.ts:614:7,field:src/abap/2_statements/combi.ts.Sequence/list,interfaceref<src/abap/2_statements/statement_runnable.ts.IStatementRunnable>,1,1,1,hierarchy/mixed upper bound
Z_SRC_ABAP_2_S_B56EAE38AA1841,z_member_run_71be1bca84374a,169,LOOP AT t46->items INTO t48.,t47 ?= t48.,src/abap/2_statements/combi.ts.Sequence::run,src/abap/2_statements/combi.ts.Sequence::run/body/s1/body/s3/body/s0/else/else/s0/x/seq/s0,src/abap/2_statements/combi.ts:629:11,src/abap/2_statements/combi.ts.Sequence::run/body/s1/body/s0/local/temp,classref<src/abap/2_statements/result.ts.Result>,1,1,1,exact
Z_SRC_ABAP_2_S_B56EAE38AA1841,z_member_run_o_b86da49c574129,249,LOOP AT t15->items INTO t17.,t16 ?= t17.,src/abap/2_statements/combi.ts.Sequence::run_one,src/abap/2_statements/combi.ts.Sequence::run_one/body/s1/s3,src/abap/2_statements/combi.ts:614:7,field:src/abap/2_statements/combi.ts.Sequence/list,interfaceref<src/abap/2_statements/statement_runnable.ts.IStatementRunnable>,1,1,1,hierarchy/mixed upper bound
Z_SRC_ABAP_2_S_B56EAE38AA1841,z_member_run_o_b86da49c574129,311,LOOP AT t45->items INTO t47.,t46 ?= t47.,src/abap/2_statements/combi.ts.Sequence::run_one,src/abap/2_statements/combi.ts.Sequence::run_one/body/s1/s4/body/s0/else/else/s0/x/seq/s0,src/abap/2_statements/combi.ts:629:11,src/abap/2_statements/combi.ts.Sequence::run_one/body/s1/s1/local/temp,classref<src/abap/2_statements/result.ts.Result>,1,1,1,exact
Z_SRC_ABAP_2_S_53E103748B7037,z_member_run_71be1bca84374a,64,LOOP AT t4->items INTO t6.,t5 ?= t6.,src/abap/2_statements/combi.ts.Token::run,src/abap/2_statements/combi.ts.Token::run/body/s1,src/abap/2_statements/combi.ts:118:5,src/abap/2_statements/combi.ts.Token::run/param/r,classref<src/abap/2_statements/result.ts.Result>,1,1,1,exact
Z_SRC_ABAP_2_S_63FEEC617D3DA8,z_member_run_71be1bca84374a,165,LOOP AT t4->items INTO t6.,t5 ?= t6.,src/abap/2_statements/combi.ts.Word::run,src/abap/2_statements/combi.ts.Word::run/body/s1,src/abap/2_statements/combi.ts:74:5,src/abap/2_statements/combi.ts.Word::run/param/r,classref<src/abap/2_statements/result.ts.Result>,1,1,1,exact
