site,source,method,off,on,delta
src%2Fabap%2F2_statements%2Fcombi.ts.Alternative.run|src%2Fabap%2F2_statements%2Fcombi.ts%3A900%3A30|new|0,src/abap/2_statements/combi.ts:900:30,src/abap/2_statements/combi.ts.Alternative.run,197074,158241,-38833
src%2Fabap%2F2_statements%2Fcombi.ts.AlternativePriority.first|src%2Fabap%2F2_statements%2Fcombi.ts%3A1005%3A14|new|0,src/abap/2_statements/combi.ts:1005:14,src/abap/2_statements/combi.ts.AlternativePriority.first,4,4,0
src%2Fabap%2F2_statements%2Fcombi.ts.AlternativePriority.run|src%2Fabap%2F2_statements%2Fcombi.ts%3A971%3A30|new|0,src/abap/2_statements/combi.ts:971:30,src/abap/2_statements/combi.ts.AlternativePriority.run,2054521,2048337,-6184
src%2Fabap%2F2_statements%2Fcombi.ts.Combi.run|src%2Fabap%2F2_statements%2Fcombi.ts%3A1066%3A35|new|0,src/abap/2_statements/combi.ts:1066:35,src/abap/2_statements/combi.ts.Combi.run,146911,146911,0
src%2Fabap%2F2_statements%2Fcombi.ts.Expression.run|src%2Fabap%2F2_statements%2Fcombi.ts%3A703%3A31|new|0,src/abap/2_statements/combi.ts:703:31,src/abap/2_statements/combi.ts.Expression.run,3758605,3631603,-127002
src%2Fabap%2F2_statements%2Fcombi.ts.Expression.run|src%2Fabap%2F2_statements%2Fcombi.ts%3A710%3A38|new|0,src/abap/2_statements/combi.ts:710:38,src/abap/2_statements/combi.ts.Expression.run,3770983,3770983,0
src%2Fabap%2F2_statements%2Fcombi.ts.Optional.run|src%2Fabap%2F2_statements%2Fcombi.ts%3A367%3A30|new|0,src/abap/2_statements/combi.ts:367:30,src/abap/2_statements/combi.ts.Optional.run,131954,122999,-8955
src%2Fabap%2F2_statements%2Fcombi.ts.Optional.run|src%2Fabap%2F2_statements%2Fcombi.ts%3A371%3A37|new|0,src/abap/2_statements/combi.ts:371:37,src/abap/2_statements/combi.ts.Optional.run,141437,141437,0
src%2Fabap%2F2_statements%2Fcombi.ts.OptionalPriority.run|src%2Fabap%2F2_statements%2Fcombi.ts%3A319%3A30|new|0,src/abap/2_statements/combi.ts:319:30,src/abap/2_statements/combi.ts.OptionalPriority.run,1292117,1288059,-4058
src%2Fabap%2F2_statements%2Fcombi.ts.OptionalPriority.run|src%2Fabap%2F2_statements%2Fcombi.ts%3A322%3A37|new|0,src/abap/2_statements/combi.ts:322:37,src/abap/2_statements/combi.ts.OptionalPriority.run,1376644,1376644,0
src%2Fabap%2F2_statements%2Fcombi.ts.Permutation.run|src%2Fabap%2F2_statements%2Fcombi.ts%3A778%3A30|new|0,src/abap/2_statements/combi.ts:778:30,src/abap/2_statements/combi.ts.Permutation.run,49733,10702,-39031
src%2Fabap%2F2_statements%2Fcombi.ts.Plus.constructor|src%2Fabap%2F2_statements%2Fcombi.ts%3A523%3A29|new|0,src/abap/2_statements/combi.ts:523:29,src/abap/2_statements/combi.ts.Plus.constructor,225,225,0
src%2Fabap%2F2_statements%2Fcombi.ts.PlusPriority.constructor|src%2Fabap%2F2_statements%2Fcombi.ts%3A558%3A29|new|0,src/abap/2_statements/combi.ts:558:29,src/abap/2_statements/combi.ts.PlusPriority.constructor,42,42,0
src%2Fabap%2F2_statements%2Fcombi.ts.Regex.run|src%2Fabap%2F2_statements%2Fcombi.ts%3A27%3A30|new|0,src/abap/2_statements/combi.ts:27:30,src/abap/2_statements/combi.ts.Regex.run,1238916,1238904,-12
src%2Fabap%2F2_statements%2Fcombi.ts.Sequence.run|src%2Fabap%2F2_statements%2Fcombi.ts%3A609%3A28|new|0,src/abap/2_statements/combi.ts:609:28,src/abap/2_statements/combi.ts.Sequence.run,5390339,5390339,0
src%2Fabap%2F2_statements%2Fcombi.ts.Sequence.run|src%2Fabap%2F2_statements%2Fcombi.ts%3A612%3A18|new|0,src/abap/2_statements/combi.ts:612:18,src/abap/2_statements/combi.ts.Sequence.run,5461930,5461930,0
src%2Fabap%2F2_statements%2Fcombi.ts.Star.run|src%2Fabap%2F2_statements%2Fcombi.ts%3A416%3A29|new|0,src/abap/2_statements/combi.ts:416:29,src/abap/2_statements/combi.ts.Star.run,197503,197503,0
src%2Fabap%2F2_statements%2Fcombi.ts.StarPriority.run|src%2Fabap%2F2_statements%2Fcombi.ts%3A489%3A24|new|0,src/abap/2_statements/combi.ts:489:24,src/abap/2_statements/combi.ts.StarPriority.run,19999,19999,0
src%2Fabap%2F2_statements%2Fcombi.ts.StopBefore1.run|src%2Fabap%2F2_statements%2Fcombi.ts%3A1246%3A30|new|0,src/abap/2_statements/combi.ts:1246:30,src/abap/2_statements/combi.ts.StopBefore1.run,585,585,0
src%2Fabap%2F2_statements%2Fcombi.ts.StopBefore2.run|src%2Fabap%2F2_statements%2Fcombi.ts%3A1219%3A30|new|0,src/abap/2_statements/combi.ts:1219:30,src/abap/2_statements/combi.ts.StopBefore2.run,1335,1335,0
src%2Fabap%2F2_statements%2Fcombi.ts.Token.run|src%2Fabap%2F2_statements%2Fcombi.ts%3A116%3A30|new|0,src/abap/2_statements/combi.ts:116:30,src/abap/2_statements/combi.ts.Token.run,2980933,2908857,-72076
src%2Fabap%2F2_statements%2Fcombi.ts.Vers.run|src%2Fabap%2F2_statements%2Fcombi.ts%3A179%3A86|new|0,src/abap/2_statements/combi.ts:179:86,src/abap/2_statements/combi.ts.Vers.run,2579198,2579198,0
src%2Fabap%2F2_statements%2Fcombi.ts.Word.first|src%2Fabap%2F2_statements%2Fcombi.ts%3A93%3A12|new|0,src/abap/2_statements/combi.ts:93:12,src/abap/2_statements/combi.ts.Word.first,645,645,0
src%2Fabap%2F2_statements%2Fcombi.ts.Word.run|src%2Fabap%2F2_statements%2Fcombi.ts%3A72%3A30|new|0,src/abap/2_statements/combi.ts:72:30,src/abap/2_statements/combi.ts.Word.run,2616634,2479865,-136769
src%2Fabap%2F2_statements%2Fcombi.ts.WordSequence.constructor|src%2Fabap%2F2_statements%2Fcombi.ts%3A658%3A50|new|0,src/abap/2_statements/combi.ts:658:50,src/abap/2_statements/combi.ts.WordSequence.constructor,690,690,0
src%2Fabap%2F2_statements%2Fcombi.ts.module.altPrio|src%2Fabap%2F2_statements%2Fcombi.ts%3A1155%3A16|new|0,src/abap/2_statements/combi.ts:1155:16,src/abap/2_statements/combi.ts.module.altPrio,817,817,0
src%2Fabap%2F2_statements%2Fcombi.ts.module.alt|src%2Fabap%2F2_statements%2Fcombi.ts%3A1150%3A16|new|0,src/abap/2_statements/combi.ts:1150:16,src/abap/2_statements/combi.ts.module.alt,556,556,0
src%2Fabap%2F2_statements%2Fcombi.ts.module.per|src%2Fabap%2F2_statements%2Fcombi.ts%3A1166%3A16|new|0,src/abap/2_statements/combi.ts:1166:16,src/abap/2_statements/combi.ts.module.per,262,262,0
src%2Fabap%2F2_statements%2Fcombi.ts.module.seq|src%2Fabap%2F2_statements%2Fcombi.ts%3A1145%3A16|new|0,src/abap/2_statements/combi.ts:1145:16,src/abap/2_statements/combi.ts.module.seq,4727,4727,0
src%2Fabap%2F3_structures%2Fstructures%2F_combi.ts.Alternative.first|src%2Fabap%2F3_structures%2Fstructures%2F_combi.ts%3A96%3A12|new|0,src/abap/3_structures/structures/_combi.ts:96:12,src/abap/3_structures/structures/_combi.ts.Alternative.first,2,2,0
src%2Fabap%2F3_structures%2Fstructures%2F_combi.ts.Alternative.run|src%2Fabap%2F3_structures%2Fstructures%2F_combi.ts%3A124%3A40|new|0,src/abap/3_structures/structures/_combi.ts:124:40,src/abap/3_structures/structures/_combi.ts.Alternative.run,54099,54099,0
src%2Fabap%2F3_structures%2Fstructures%2F_combi.ts.Alternative.run|src%2Fabap%2F3_structures%2Fstructures%2F_combi.ts%3A135%3A37|new|0,src/abap/3_structures/structures/_combi.ts:135:37,src/abap/3_structures/structures/_combi.ts.Alternative.run,3077,3077,0
src%2Fabap%2F3_structures%2Fstructures%2F_combi.ts.Alternative.run|src%2Fabap%2F3_structures%2Fstructures%2F_combi.ts%3A148%3A18|new|0,src/abap/3_structures/structures/_combi.ts:148:18,src/abap/3_structures/structures/_combi.ts.Alternative.run,20622,20622,0
src%2Fabap%2F3_structures%2Fstructures%2F_combi.ts.Alternative.setupMap|src%2Fabap%2F3_structures%2Fstructures%2F_combi.ts%3A88%3A31|new|0,src/abap/3_structures/structures/_combi.ts:88:31,src/abap/3_structures/structures/_combi.ts.Alternative.setupMap,189,189,0
src%2Fabap%2F3_structures%2Fstructures%2F_combi.ts.Sequence.run|src%2Fabap%2F3_structures%2Fstructures%2F_combi.ts%3A33%3A32|new|0,src/abap/3_structures/structures/_combi.ts:33:32,src/abap/3_structures/structures/_combi.ts.Sequence.run,41032,41032,0
src%2Fabap%2F3_structures%2Fstructures%2F_combi.ts.Sequence.run|src%2Fabap%2F3_structures%2Fstructures%2F_combi.ts%3A38%3A20|new|0,src/abap/3_structures/structures/_combi.ts:38:20,src/abap/3_structures/structures/_combi.ts.Sequence.run,14925,14925,0
src%2Fabap%2F3_structures%2Fstructures%2F_combi.ts.Star.first|src%2Fabap%2F3_structures%2Fstructures%2F_combi.ts%3A256%3A12|new|0,src/abap/3_structures/structures/_combi.ts:256:12,src/abap/3_structures/structures/_combi.ts.Star.first,2,2,0
src%2Fabap%2F3_structures%2Fstructures%2F_combi.ts.Star.run|src%2Fabap%2F3_structures%2Fstructures%2F_combi.ts%3A209%3A32|new|0,src/abap/3_structures/structures/_combi.ts:209:32,src/abap/3_structures/structures/_combi.ts.Star.run,28123,28123,0
src%2Fabap%2F3_structures%2Fstructures%2F_combi.ts.SubStatement.first|src%2Fabap%2F3_structures%2Fstructures%2F_combi.ts%3A312%3A14|new|0,src/abap/3_structures/structures/_combi.ts:312:14,src/abap/3_structures/structures/_combi.ts.SubStatement.first,4,4,0
src%2Fabap%2F3_structures%2Fstructures%2F_combi.ts.SubStatement.run|src%2Fabap%2F3_structures%2Fstructures%2F_combi.ts%3A341%3A18|new|0,src/abap/3_structures/structures/_combi.ts:341:18,src/abap/3_structures/structures/_combi.ts.SubStatement.run,91210,91210,0
src%2Fabap%2F3_structures%2Fstructures%2F_combi.ts.SubStatement.run|src%2Fabap%2F3_structures%2Fstructures%2F_combi.ts%3A349%3A18|new|0,src/abap/3_structures/structures/_combi.ts:349:18,src/abap/3_structures/structures/_combi.ts.SubStatement.run,111067,111067,0
src%2Fabap%2F3_structures%2Fstructures%2F_combi.ts.module.alt|src%2Fabap%2F3_structures%2Fstructures%2F_combi.ts%3A364%3A26|new|0,src/abap/3_structures/structures/_combi.ts:364:26,src/abap/3_structures/structures/_combi.ts.module.alt,16,16,0
src%2Fabap%2F3_structures%2Fstructures%2F_combi.ts.module.beginEnd|src%2Fabap%2F3_structures%2Fstructures%2F_combi.ts%3A368%3A23|new|0,src/abap/3_structures/structures/_combi.ts:368:23,src/abap/3_structures/structures/_combi.ts.module.beginEnd,38,38,0
src%2Fabap%2F3_structures%2Fstructures%2F_combi.ts.module.seq|src%2Fabap%2F3_structures%2Fstructures%2F_combi.ts%3A360%3A23|new|0,src/abap/3_structures/structures/_combi.ts:360:23,src/abap/3_structures/structures/_combi.ts.module.seq,15,15,0
