method,off,on,delta
src/abap/2_statements/combi.ts.Alternative.run,197092,158256,-38836
src/abap/2_statements/combi.ts.AlternativePriority.first,4,4,0
src/abap/2_statements/combi.ts.AlternativePriority.run,2054599,2048415,-6184
src/abap/2_statements/combi.ts.Combi.run,146980,146980,0
src/abap/2_statements/combi.ts.Expression.run,7529994,7402983,-127011
src/abap/2_statements/combi.ts.Optional.run,273422,264466,-8956
src/abap/2_statements/combi.ts.OptionalPriority.run,2668867,2664808,-4059
src/abap/2_statements/combi.ts.Permutation.run,49742,10706,-39036
src/abap/2_statements/combi.ts.Plus.constructor,225,225,0
src/abap/2_statements/combi.ts.PlusPriority.constructor,42,42,0
src/abap/2_statements/combi.ts.Regex.run,1239006,1238993,-13
src/abap/2_statements/combi.ts.Sequence.run,10853065,10853065,0
src/abap/2_statements/combi.ts.Star.run,197507,197507,0
src/abap/2_statements/combi.ts.StarPriority.run,19999,19999,0
src/abap/2_statements/combi.ts.StopBefore1.run,585,585,0
src/abap/2_statements/combi.ts.StopBefore2.run,1335,1335,0
src/abap/2_statements/combi.ts.Token.run,2981030,2908946,-72084
src/abap/2_statements/combi.ts.Vers.run,2579275,2579275,0
src/abap/2_statements/combi.ts.Word.first,645,645,0
src/abap/2_statements/combi.ts.Word.run,2616952,2480168,-136784
src/abap/2_statements/combi.ts.WordSequence.constructor,690,690,0
src/abap/2_statements/combi.ts.module.alt,556,556,0
src/abap/2_statements/combi.ts.module.altPrio,817,817,0
src/abap/2_statements/combi.ts.module.per,262,262,0
src/abap/2_statements/combi.ts.module.seq,4727,4727,0
src/abap/3_structures/structures/_combi.ts.Alternative.first,2,2,0
src/abap/3_structures/structures/_combi.ts.Alternative.run,77818,77818,0
src/abap/3_structures/structures/_combi.ts.Alternative.setupMap,189,189,0
src/abap/3_structures/structures/_combi.ts.Sequence.run,56000,56000,0
src/abap/3_structures/structures/_combi.ts.Star.first,2,2,0
src/abap/3_structures/structures/_combi.ts.Star.run,28134,28134,0
src/abap/3_structures/structures/_combi.ts.SubStatement.first,4,4,0
src/abap/3_structures/structures/_combi.ts.SubStatement.run,202346,202346,0
src/abap/3_structures/structures/_combi.ts.module.alt,16,16,0
src/abap/3_structures/structures/_combi.ts.module.beginEnd,38,38,0
src/abap/3_structures/structures/_combi.ts.module.seq,15,15,0
