method,abap_class,abap_method,source,profile,ts_denominator_origin,abap_statements,executable_site_proxy,ts_statements,ts_operations,abap_per_ts_statement,abap_per_ts_operation,hir_statements,hir_operations
src/abap/1_lexer/lexer.ts.Lexer.add,Z_SRC_ABAP_1_L_22309FB1998E15,z_member_add_51c1bb18694a11,src/abap/1_lexer/lexer.ts:73:3,A4H hot (qualitative),original method body,1679,1395,123,293,13.65,5.73,145,337
src/abap/1_lexer/lexer.ts.Lexer.process,Z_SRC_ABAP_1_L_22309FB1998E15,z_member_proce_57f9d1e4b4e34e,src/abap/1_lexer/lexer.ts:237:3,A4H hot (qualitative),original method body,1639,1418,63,236,26.02,6.94,98,457
src/abap/1_lexer/lexer_stream.ts.LexerStream.advance,Z_SRC_ABAP_1_L_4D08AEDEE14B5B,z_member_advan_07be82a6492101,src/abap/1_lexer/lexer_stream.ts:16:3,supporting hot-path family,original method body,121,104,9,25,13.44,4.84,9,36
src/abap/1_lexer/lexer_stream.ts.LexerStream.charCodeAt,Z_SRC_ABAP_1_L_4D08AEDEE14B5B,z_member_charc_030ba73cce2d7e,src/abap/1_lexer/lexer_stream.ts:86:3,supporting hot-path family,original method body,68,57,3,8,22.67,8.50,3,12
src/abap/1_lexer/lexer_stream.ts.LexerStream.constructor,Z_SRC_ABAP_1_L_4D08AEDEE14B5B,constructor,src/abap/1_lexer/lexer_stream.ts:4:1,supporting hot-path family,original method body,9,9,3,6,3.00,1.50,4,4
src/abap/1_lexer/lexer_stream.ts.LexerStream.currentChar,Z_SRC_ABAP_1_L_4D08AEDEE14B5B,z_member_curre_ce99756c2024a1,src/abap/1_lexer/lexer_stream.ts:61:3,supporting hot-path family,original method body,59,50,5,10,11.80,5.90,5,14
src/abap/1_lexer/lexer_stream.ts.LexerStream.getCol,Z_SRC_ABAP_1_L_4D08AEDEE14B5B,z_member_getco_a243d704d3c40f,src/abap/1_lexer/lexer_stream.ts:33:3,supporting hot-path family,original method body,3,3,1,1,3.00,3.00,1,1
src/abap/1_lexer/lexer_stream.ts.LexerStream.getOffset,Z_SRC_ABAP_1_L_4D08AEDEE14B5B,z_member_getof_05cf64462cb085,src/abap/1_lexer/lexer_stream.ts:97:3,supporting hot-path family,original method body,5,5,1,1,5.00,5.00,1,2
src/abap/1_lexer/lexer_stream.ts.LexerStream.getRaw,Z_SRC_ABAP_1_L_4D08AEDEE14B5B,z_member_getra_e45b3c3a36381a,src/abap/1_lexer/lexer_stream.ts:93:3,supporting hot-path family,original method body,3,3,1,1,3.00,3.00,1,1
src/abap/1_lexer/lexer_stream.ts.LexerStream.getRow,Z_SRC_ABAP_1_L_4D08AEDEE14B5B,z_member_getro_14b4326e8e989b,src/abap/1_lexer/lexer_stream.ts:37:3,supporting hot-path family,original method body,3,3,1,1,3.00,3.00,1,1
src/abap/1_lexer/lexer_stream.ts.LexerStream.nextChar,Z_SRC_ABAP_1_L_4D08AEDEE14B5B,z_member_nextc_8348094a4d02b5,src/abap/1_lexer/lexer_stream.ts:70:3,supporting hot-path family,original method body,70,60,4,8,17.50,8.75,4,13
src/abap/1_lexer/lexer_stream.ts.LexerStream.nextNextChar,Z_SRC_ABAP_1_L_4D08AEDEE14B5B,z_member_nextn_a8480b30a8f64c,src/abap/1_lexer/lexer_stream.ts:78:3,supporting hot-path family,original method body,70,60,4,8,17.50,8.75,4,13
src/abap/1_lexer/lexer_stream.ts.LexerStream.prevChar,Z_SRC_ABAP_1_L_4D08AEDEE14B5B,z_member_prevc_4fca18248b576c,src/abap/1_lexer/lexer_stream.ts:45:3,supporting hot-path family,original method body,50,43,4,6,12.50,8.33,4,8
src/abap/1_lexer/lexer_stream.ts.LexerStream.prevPrevChar,Z_SRC_ABAP_1_L_4D08AEDEE14B5B,z_member_prevp_f80ae2271ed1c9,src/abap/1_lexer/lexer_stream.ts:53:3,supporting hot-path family,original method body,50,43,4,6,12.50,8.33,4,8
src/abap/2_statements/combi.ts.Alternative.run,Z_SRC_ABAP_2_S_24BEEEBA121AE8,z_member_run_71be1bca84374a,src/abap/2_statements/combi.ts:899:3,supporting hot-path family,original method body,60,46,7,11,8.57,5.45,9,10
src/abap/2_statements/combi.ts.Alternative.run_one,Z_SRC_ABAP_2_S_24BEEEBA121AE8,z_member_run_o_b86da49c574129,src/abap/2_statements/combi.ts:899:3,supporting hot-path family,original run body (synthetic method),19,15,7,11,2.71,1.73,3,4
src/abap/2_statements/combi.ts.AlternativePriority.run,Z_SRC_ABAP_2_S_97ADC9EFEFB8D1,z_member_run_71be1bca84374a,src/abap/2_statements/combi.ts:970:3,A4H hot LOOP (qualitative),original method body,69,54,9,13,7.67,5.31,11,12
src/abap/2_statements/combi.ts.AlternativePriority.run_one,Z_SRC_ABAP_2_S_97ADC9EFEFB8D1,z_member_run_o_b86da49c574129,src/abap/2_statements/combi.ts:970:3,A4H hot LOOP (qualitative),original run body (synthetic method),19,15,9,13,2.11,1.46,3,4
src/abap/2_statements/combi.ts.Expression.run,Z_SRC_ABAP_2_S_4228F5CCB84481,z_member_run_71be1bca84374a,src/abap/2_statements/combi.ts:702:3,A4H hot LOOP (qualitative),original method body,155,121,12,24,12.92,6.46,16,30
src/abap/2_statements/combi.ts.Expression.run_one,Z_SRC_ABAP_2_S_4228F5CCB84481,z_member_run_o_b86da49c574129,src/abap/2_statements/combi.ts:702:3,A4H hot LOOP (qualitative),original run body (synthetic method),151,119,12,24,12.58,6.29,16,30
src/abap/2_statements/combi.ts.Optional.run,Z_SRC_ABAP_2_S_3F6CEDD45DCD83,z_member_run_71be1bca84374a,src/abap/2_statements/combi.ts:366:3,supporting hot-path family,original method body,63,49,8,14,7.88,4.50,10,11
src/abap/2_statements/combi.ts.Optional.run_one,Z_SRC_ABAP_2_S_3F6CEDD45DCD83,z_member_run_o_b86da49c574129,src/abap/2_statements/combi.ts:366:3,supporting hot-path family,original run body (synthetic method),59,47,8,14,7.38,4.21,10,11
src/abap/2_statements/combi.ts.Permutation.run,Z_SRC_ABAP_2_S_67388FB83DF4CC,z_member_run_71be1bca84374a,src/abap/2_statements/combi.ts:777:3,supporting hot-path family,original method body,144,115,12,30,12.00,4.80,20,28
src/abap/2_statements/combi.ts.Permutation.run_one,Z_SRC_ABAP_2_S_67388FB83DF4CC,z_member_run_o_b86da49c574129,src/abap/2_statements/combi.ts:777:3,supporting hot-path family,original run body (synthetic method),19,15,12,30,1.58,0.63,3,4
src/abap/2_statements/combi.ts.Plus.run,Z_SRC_ABAP_2_S_ABA624CBA92912,z_member_run_71be1bca84374a,src/abap/2_statements/combi.ts:534:3,supporting hot-path family,original method body,8,7,1,3,8.00,2.67,1,2
src/abap/2_statements/combi.ts.Plus.run_one,Z_SRC_ABAP_2_S_ABA624CBA92912,z_member_run_o_b86da49c574129,src/abap/2_statements/combi.ts:534:3,supporting hot-path family,original run body (synthetic method),27,21,1,3,27.00,9.00,4,6
src/abap/2_statements/combi.ts.Regex.run,Z_SRC_ABAP_2_S_DA316F761B216A,z_member_run_71be1bca84374a,src/abap/2_statements/combi.ts:26:3,A4H hot LOOP (qualitative),original method body,158,125,8,17,19.75,9.29,13,31
src/abap/2_statements/combi.ts.Regex.run_one,Z_SRC_ABAP_2_S_DA316F761B216A,z_member_run_o_b86da49c574129,src/abap/2_statements/combi.ts:26:3,A4H hot LOOP (qualitative),original run body (synthetic method),19,15,8,17,2.38,1.12,3,4
src/abap/2_statements/combi.ts.Sequence.run,Z_SRC_ABAP_2_S_B56EAE38AA1841,z_member_run_71be1bca84374a,src/abap/2_statements/combi.ts:608:3,A4H hot LOOP (qualitative),original method body,117,92,16,22,7.31,5.32,20,19
src/abap/2_statements/combi.ts.Sequence.run_one,Z_SRC_ABAP_2_S_B56EAE38AA1841,z_member_run_o_b86da49c574129,src/abap/2_statements/combi.ts:608:3,A4H hot LOOP (qualitative),original run body (synthetic method),113,90,16,22,7.06,5.14,20,19
src/abap/2_statements/combi.ts.Star.run,Z_SRC_ABAP_2_S_B119F633ABCD55,z_member_run_71be1bca84374a,src/abap/2_statements/combi.ts:411:3,supporting hot-path family,original method body,110,86,18,21,6.11,5.24,20,16
src/abap/2_statements/combi.ts.Star.run_one,Z_SRC_ABAP_2_S_B119F633ABCD55,z_member_run_o_b86da49c574129,src/abap/2_statements/combi.ts:411:3,supporting hot-path family,original run body (synthetic method),19,15,18,21,1.06,0.90,3,4
src/abap/2_statements/combi.ts.Token.run,Z_SRC_ABAP_2_S_53E103748B7037,z_member_run_71be1bca84374a,src/abap/2_statements/combi.ts:115:3,A4H hot LOOP (qualitative),original method body,168,131,5,17,33.60,9.88,10,34
src/abap/2_statements/combi.ts.Token.run_one,Z_SRC_ABAP_2_S_53E103748B7037,z_member_run_o_b86da49c574129,src/abap/2_statements/combi.ts:115:3,A4H hot LOOP (qualitative),original run body (synthetic method),164,129,5,17,32.80,9.65,10,34
src/abap/2_statements/combi.ts.Word.run,Z_SRC_ABAP_2_S_63FEEC617D3DA8,z_member_run_71be1bca84374a,src/abap/2_statements/combi.ts:71:3,A4H hot LOOP (qualitative),original method body,173,136,5,18,34.60,9.61,11,35
src/abap/2_statements/combi.ts.Word.run_one,Z_SRC_ABAP_2_S_63FEEC617D3DA8,z_member_run_o_b86da49c574129,src/abap/2_statements/combi.ts:71:3,A4H hot LOOP (qualitative),original run body (synthetic method),169,134,5,18,33.80,9.39,11,35
src/abap/2_statements/result.ts.Result.constructor,Z_SRC_ABAP_2_S_B6C5F651B292E5,constructor,src/abap/2_statements/result.ts:10:1,supporting hot-path family,original method body,46,37,5,9,9.20,5.11,8,9
src/abap/2_statements/result.ts.Result.fromChain,Z_SRC_ABAP_2_S_B6C5F651B292E5,z_member_fromc_9d7b43515b1343,src/abap/2_statements/result.ts:28:3,supporting hot-path family,original method body,23,20,4,5,5.75,4.60,4,3
src/abap/2_statements/result.ts.Result.getNodes,Z_SRC_ABAP_2_S_B6C5F651B292E5,z_member_getno_ae881b65815f02,src/abap/2_statements/result.ts:77:3,supporting hot-path family,original method body,113,87,8,13,14.12,8.69,12,16
src/abap/2_statements/result.ts.Result.getTokenIndex,Z_SRC_ABAP_2_S_B6C5F651B292E5,z_member_getto_eb1531032391d6,src/abap/2_statements/result.ts:105:3,trapped (not executed),original method body,4,4,1,1,4.00,4.00,1,0
src/abap/2_statements/result.ts.Result.getTokens,Z_SRC_ABAP_2_S_B6C5F651B292E5,z_member_getto_78be2ed397daf0,src/abap/2_statements/result.ts:101:3,trapped (not executed),original method body,4,4,1,1,4.00,4.00,1,0
src/abap/2_statements/result.ts.Result.peek,Z_SRC_ABAP_2_S_B6C5F651B292E5,z_member_peek_ce5e1cc1cca2df,src/abap/2_statements/result.ts:35:3,supporting hot-path family,original method body,11,9,1,3,11.00,3.67,1,3
src/abap/2_statements/result.ts.Result.peekAt,Z_SRC_ABAP_2_S_B6C5F651B292E5,z_member_peeka_00d7980db4bf32,src/abap/2_statements/result.ts:39:3,supporting hot-path family,original method body,47,35,1,4,47.00,11.75,1,7
src/abap/2_statements/result.ts.Result.popNode,Z_SRC_ABAP_2_S_B6C5F651B292E5,z_member_popno_0194f8f990ecc9,src/abap/2_statements/result.ts:67:3,trapped (not executed),original method body,4,4,6,10,0.67,0.40,1,0
src/abap/2_statements/result.ts.Result.remainingLength,Z_SRC_ABAP_2_S_B6C5F651B292E5,z_member_remai_54eb3313aeb4d4,src/abap/2_statements/result.ts:109:3,supporting hot-path family,original method body,23,20,1,4,23.00,5.75,1,6
src/abap/2_statements/result.ts.Result.setNodes,Z_SRC_ABAP_2_S_B6C5F651B292E5,z_member_setno_5f2c408b4dab20,src/abap/2_statements/result.ts:92:3,trapped (not executed),original method body,5,5,5,10,1.00,0.50,1,0
src/abap/2_statements/result.ts.Result.shift,Z_SRC_ABAP_2_S_B6C5F651B292E5,z_member_shift_f196df8766e174,src/abap/2_statements/result.ts:43:3,supporting hot-path family,original method body,46,36,1,9,46.00,5.11,1,10
src/abap/2_statements/result.ts.Result.wrapConsumed,Z_SRC_ABAP_2_S_B6C5F651B292E5,z_member_wrapc_402ce4e1f019a6,src/abap/2_statements/result.ts:47:3,supporting hot-path family,original method body,127,99,14,26,9.07,4.88,16,23
src/abap/2_statements/statement_parser.ts.StatementParser.buildSplits,Z_SRC_ABAP_2_S_133BEB1C8EC314,z_member_build_6105188c97623d,src/abap/2_statements/statement_parser.ts:180:3,supporting hot-path family,original method body,195,151,9,26,21.67,7.50,21,34
src/abap/2_statements/statement_parser.ts.StatementParser.categorize,Z_SRC_ABAP_2_S_133BEB1C8EC314,z_member_categ_874405fef67570,src/abap/2_statements/statement_parser.ts:227:3,supporting hot-path family,original method body,27,20,4,8,6.75,3.38,4,5
src/abap/2_statements/statement_parser.ts.StatementParser.categorizeStatement,Z_SRC_ABAP_2_S_133BEB1C8EC314,z_member_categ_aea4bdefbbe09b,src/abap/2_statements/statement_parser.ts:236:3,supporting hot-path family,original method body,183,137,15,38,12.20,4.82,22,36
src/abap/2_statements/statement_parser.ts.StatementParser.constructor,Z_SRC_ABAP_2_S_133BEB1C8EC314,constructor,src/abap/2_statements/statement_parser.ts:94:1,supporting hot-path family,original method body,34,31,5,11,6.80,3.09,7,10
src/abap/2_statements/statement_parser.ts.StatementParser.lazyUnknown,Z_SRC_ABAP_2_S_133BEB1C8EC314,z_member_lazyu_b62d9521cd020f,src/abap/2_statements/statement_parser.ts:148:3,supporting hot-path family,original method body,391,339,15,68,26.07,5.75,17,48
src/abap/2_statements/statement_parser.ts.StatementParser.match,Z_SRC_ABAP_2_S_133BEB1C8EC314,z_member_match_497af1c2c3e97f,src/abap/2_statements/statement_parser.ts:289:3,supporting hot-path family,original method body,335,248,19,59,17.63,5.68,24,63
src/abap/2_statements/statement_parser.ts.StatementParser.nativeAfter,Z_SRC_ABAP_2_S_133BEB1C8EC314,z_member_nativ_c4c8fce6485bfe,src/abap/2_statements/statement_parser.ts:368:3,supporting hot-path family,original method body,290,262,10,37,29.00,7.84,20,36
src/abap/2_statements/statement_parser.ts.StatementParser.nativeSQL,Z_SRC_ABAP_2_S_133BEB1C8EC314,z_member_nativ_8e9b7af8387489,src/abap/2_statements/statement_parser.ts:196:3,supporting hot-path family,original method body,355,303,18,74,19.72,4.80,20,49
src/abap/2_statements/statement_parser.ts.StatementParser.process,Z_SRC_ABAP_2_S_133BEB1C8EC314,z_member_proce_57f9d1e4b4e34e,src/abap/2_statements/statement_parser.ts:322:3,supporting hot-path family,original method body,388,299,29,61,13.38,6.36,56,66
src/abap/2_statements/statement_parser.ts.StatementParser.removePragma,Z_SRC_ABAP_2_S_133BEB1C8EC314,z_member_remov_4306230a820280,src/abap/2_statements/statement_parser.ts:262:3,supporting hot-path family,original method body,178,139,15,28,11.87,6.36,19,28
src/abap/2_statements/statement_parser.ts.StatementParser.run,Z_SRC_ABAP_2_S_133BEB1C8EC314,z_member_run_71be1bca84374a,src/abap/2_statements/statement_parser.ts:111:3,supporting hot-path family,original method body,170,126,13,34,13.08,5.00,20,33
src/abap/2_statements/statement_parser.ts.StatementParser.tokensToNodes,Z_SRC_ABAP_2_S_133BEB1C8EC314,z_member_token_ee139da5443484,src/abap/2_statements/statement_parser.ts:135:3,supporting hot-path family,original method body,24,18,4,4,6.00,6.00,4,3
src/abap/2_statements/statement_parser.ts.StatementParser.tokensToNodes_one,Z_SRC_ABAP_2_S_133BEB1C8EC314,z_member_token_8e90f8ff04c615,src/abap/2_statements/statement_parser.ts:135:3,supporting hot-path family,original tokensToNodes body (synthetic method),20,16,4,4,5.00,5.00,4,3
src/abap/4_file_information/abap_file_information.ts.ABAPFileInformation.constructor,Z_SRC_ABAP_4_F_1B4BECB9F902C9,constructor,src/abap/4_file_information/abap_file_information.ts:4:1,A4H lookup family (qualitative),original method body,3,3,1,2,3.00,1.50,1,1
src/abap/4_file_information/abap_file_information.ts.ABAPFileInformation.getClassDefinitionByName,Z_SRC_ABAP_4_F_1B4BECB9F902C9,z_member_getcl_c049a2268191d4,src/abap/4_file_information/abap_file_information.ts:33:3,A4H lookup family (qualitative),original method body,327,302,5,10,65.40,32.70,11,17
src/abap/4_file_information/abap_file_information.ts.ABAPFileInformation.getClassImplementationByName,Z_SRC_ABAP_4_F_1B4BECB9F902C9,z_member_getcl_c9e9cd031ea67e,src/abap/4_file_information/abap_file_information.ts:43:3,A4H lookup family (qualitative),original method body,327,302,5,10,65.40,32.70,11,17
src/abap/4_file_information/abap_file_information.ts.ABAPFileInformation.getInterfaceDefinitionByName,Z_SRC_ABAP_4_F_1B4BECB9F902C9,z_member_getin_f95a923dd18738,src/abap/4_file_information/abap_file_information.ts:19:3,A4H lookup family (qualitative),original method body,327,302,5,10,65.40,32.70,11,17
src/abap/4_file_information/abap_file_information.ts.ABAPFileInformation.listClassDefinitions,Z_SRC_ABAP_4_F_1B4BECB9F902C9,z_member_listc_ef84637e920694,src/abap/4_file_information/abap_file_information.ts:29:3,A4H lookup family (qualitative),original method body,6,5,1,2,6.00,3.00,1,2
src/abap/4_file_information/abap_file_information.ts.ABAPFileInformation.listClassImplementations,Z_SRC_ABAP_4_F_1B4BECB9F902C9,z_member_listc_1cf55ecf844750,src/abap/4_file_information/abap_file_information.ts:11:3,A4H lookup family (qualitative),original method body,6,5,1,2,6.00,3.00,1,2
src/abap/4_file_information/abap_file_information.ts.ABAPFileInformation.listFormDefinitions,Z_SRC_ABAP_4_F_1B4BECB9F902C9,z_member_listf_d7520cefc1ce5d,src/abap/4_file_information/abap_file_information.ts:53:3,trapped (not executed),original method body,4,4,1,2,4.00,2.00,1,0
src/abap/4_file_information/abap_file_information.ts.ABAPFileInformation.listInterfaceDefinitions,Z_SRC_ABAP_4_F_1B4BECB9F902C9,z_member_listi_3f4a6d00ceb514,src/abap/4_file_information/abap_file_information.ts:15:3,A4H lookup family (qualitative),original method body,6,5,1,2,6.00,3.00,1,2
