method,kind,count
src/abap/1_lexer/lexer.ts.Lexer.add,assignment,487
src/abap/1_lexer/lexer.ts.Lexer.add,call,9
src/abap/1_lexer/lexer.ts.Lexer.add,clear,95
src/abap/1_lexer/lexer.ts.Lexer.add,condition,132
src/abap/1_lexer/lexer.ts.Lexer.add,control_marker,190
src/abap/1_lexer/lexer.ts.Lexer.add,data_cast,89
src/abap/1_lexer/lexer.ts.Lexer.add,data_expression,292
src/abap/1_lexer/lexer.ts.Lexer.add,data_value_init,276
src/abap/1_lexer/lexer.ts.Lexer.add,declaration,94
src/abap/1_lexer/lexer.ts.Lexer.add,loop_entry,2
src/abap/1_lexer/lexer.ts.Lexer.add,table_write,1
src/abap/1_lexer/lexer.ts.Lexer.add,transfer,12
src/abap/1_lexer/lexer.ts.Lexer.process,assignment,510
src/abap/1_lexer/lexer.ts.Lexer.process,call,51
src/abap/1_lexer/lexer.ts.Lexer.process,clear,55
src/abap/1_lexer/lexer.ts.Lexer.process,concatenate,1
src/abap/1_lexer/lexer.ts.Lexer.process,condition,126
src/abap/1_lexer/lexer.ts.Lexer.process,control_marker,163
src/abap/1_lexer/lexer.ts.Lexer.process,data_cast,74
src/abap/1_lexer/lexer.ts.Lexer.process,data_expression,211
src/abap/1_lexer/lexer.ts.Lexer.process,data_value_init,363
src/abap/1_lexer/lexer.ts.Lexer.process,declaration,58
src/abap/1_lexer/lexer.ts.Lexer.process,loop_entry,3
src/abap/1_lexer/lexer.ts.Lexer.process,replace,1
src/abap/1_lexer/lexer.ts.Lexer.process,transfer,23
src/abap/1_lexer/lexer_stream.ts.LexerStream.advance,assignment,34
src/abap/1_lexer/lexer_stream.ts.LexerStream.advance,call,6
src/abap/1_lexer/lexer_stream.ts.LexerStream.advance,clear,3
src/abap/1_lexer/lexer_stream.ts.LexerStream.advance,condition,10
src/abap/1_lexer/lexer_stream.ts.LexerStream.advance,control_marker,12
src/abap/1_lexer/lexer_stream.ts.LexerStream.advance,data_expression,26
src/abap/1_lexer/lexer_stream.ts.LexerStream.advance,data_value_init,19
src/abap/1_lexer/lexer_stream.ts.LexerStream.advance,declaration,5
src/abap/1_lexer/lexer_stream.ts.LexerStream.advance,transfer,6
src/abap/1_lexer/lexer_stream.ts.LexerStream.charCodeAt,assignment,21
src/abap/1_lexer/lexer_stream.ts.LexerStream.charCodeAt,call,1
src/abap/1_lexer/lexer_stream.ts.LexerStream.charCodeAt,clear,3
src/abap/1_lexer/lexer_stream.ts.LexerStream.charCodeAt,condition,6
src/abap/1_lexer/lexer_stream.ts.LexerStream.charCodeAt,control_marker,6
src/abap/1_lexer/lexer_stream.ts.LexerStream.charCodeAt,data_expression,11
src/abap/1_lexer/lexer_stream.ts.LexerStream.charCodeAt,data_value_init,11
src/abap/1_lexer/lexer_stream.ts.LexerStream.charCodeAt,declaration,5
src/abap/1_lexer/lexer_stream.ts.LexerStream.charCodeAt,transfer,4
src/abap/1_lexer/lexer_stream.ts.LexerStream.constructor,call,4
src/abap/1_lexer/lexer_stream.ts.LexerStream.constructor,data_expression,5
src/abap/1_lexer/lexer_stream.ts.LexerStream.currentChar,assignment,17
src/abap/1_lexer/lexer_stream.ts.LexerStream.currentChar,call,1
src/abap/1_lexer/lexer_stream.ts.LexerStream.currentChar,clear,3
src/abap/1_lexer/lexer_stream.ts.LexerStream.currentChar,condition,5
src/abap/1_lexer/lexer_stream.ts.LexerStream.currentChar,control_marker,6
src/abap/1_lexer/lexer_stream.ts.LexerStream.currentChar,data_expression,11
src/abap/1_lexer/lexer_stream.ts.LexerStream.currentChar,data_value_init,9
src/abap/1_lexer/lexer_stream.ts.LexerStream.currentChar,declaration,3
src/abap/1_lexer/lexer_stream.ts.LexerStream.currentChar,transfer,4
src/abap/1_lexer/lexer_stream.ts.LexerStream.getCol,assignment,1
src/abap/1_lexer/lexer_stream.ts.LexerStream.getCol,data_expression,1
src/abap/1_lexer/lexer_stream.ts.LexerStream.getCol,transfer,1
src/abap/1_lexer/lexer_stream.ts.LexerStream.getOffset,assignment,2
src/abap/1_lexer/lexer_stream.ts.LexerStream.getOffset,data_expression,1
src/abap/1_lexer/lexer_stream.ts.LexerStream.getOffset,data_value_init,1
src/abap/1_lexer/lexer_stream.ts.LexerStream.getOffset,transfer,1
src/abap/1_lexer/lexer_stream.ts.LexerStream.getRaw,assignment,1
src/abap/1_lexer/lexer_stream.ts.LexerStream.getRaw,data_expression,1
src/abap/1_lexer/lexer_stream.ts.LexerStream.getRaw,transfer,1
src/abap/1_lexer/lexer_stream.ts.LexerStream.getRow,assignment,1
src/abap/1_lexer/lexer_stream.ts.LexerStream.getRow,data_expression,1
src/abap/1_lexer/lexer_stream.ts.LexerStream.getRow,transfer,1
src/abap/1_lexer/lexer_stream.ts.LexerStream.nextChar,assignment,25
src/abap/1_lexer/lexer_stream.ts.LexerStream.nextChar,call,1
src/abap/1_lexer/lexer_stream.ts.LexerStream.nextChar,clear,3
src/abap/1_lexer/lexer_stream.ts.LexerStream.nextChar,condition,5
src/abap/1_lexer/lexer_stream.ts.LexerStream.nextChar,control_marker,5
src/abap/1_lexer/lexer_stream.ts.LexerStream.nextChar,data_expression,10
src/abap/1_lexer/lexer_stream.ts.LexerStream.nextChar,data_value_init,12
src/abap/1_lexer/lexer_stream.ts.LexerStream.nextChar,declaration,5
src/abap/1_lexer/lexer_stream.ts.LexerStream.nextChar,transfer,4
src/abap/1_lexer/lexer_stream.ts.LexerStream.nextNextChar,assignment,25
src/abap/1_lexer/lexer_stream.ts.LexerStream.nextNextChar,call,1
src/abap/1_lexer/lexer_stream.ts.LexerStream.nextNextChar,clear,3
src/abap/1_lexer/lexer_stream.ts.LexerStream.nextNextChar,condition,5
src/abap/1_lexer/lexer_stream.ts.LexerStream.nextNextChar,control_marker,5
src/abap/1_lexer/lexer_stream.ts.LexerStream.nextNextChar,data_expression,10
src/abap/1_lexer/lexer_stream.ts.LexerStream.nextNextChar,data_value_init,12
src/abap/1_lexer/lexer_stream.ts.LexerStream.nextNextChar,declaration,5
src/abap/1_lexer/lexer_stream.ts.LexerStream.nextNextChar,transfer,4
src/abap/1_lexer/lexer_stream.ts.LexerStream.prevChar,assignment,15
src/abap/1_lexer/lexer_stream.ts.LexerStream.prevChar,call,1
src/abap/1_lexer/lexer_stream.ts.LexerStream.prevChar,clear,3
src/abap/1_lexer/lexer_stream.ts.LexerStream.prevChar,condition,4
src/abap/1_lexer/lexer_stream.ts.LexerStream.prevChar,control_marker,4
src/abap/1_lexer/lexer_stream.ts.LexerStream.prevChar,data_expression,9
src/abap/1_lexer/lexer_stream.ts.LexerStream.prevChar,data_value_init,8
src/abap/1_lexer/lexer_stream.ts.LexerStream.prevChar,declaration,3
src/abap/1_lexer/lexer_stream.ts.LexerStream.prevChar,transfer,3
src/abap/1_lexer/lexer_stream.ts.LexerStream.prevPrevChar,assignment,15
src/abap/1_lexer/lexer_stream.ts.LexerStream.prevPrevChar,call,1
src/abap/1_lexer/lexer_stream.ts.LexerStream.prevPrevChar,clear,3
src/abap/1_lexer/lexer_stream.ts.LexerStream.prevPrevChar,condition,4
src/abap/1_lexer/lexer_stream.ts.LexerStream.prevPrevChar,control_marker,4
src/abap/1_lexer/lexer_stream.ts.LexerStream.prevPrevChar,data_expression,9
src/abap/1_lexer/lexer_stream.ts.LexerStream.prevPrevChar,data_value_init,8
src/abap/1_lexer/lexer_stream.ts.LexerStream.prevPrevChar,declaration,3
src/abap/1_lexer/lexer_stream.ts.LexerStream.prevPrevChar,transfer,3
src/abap/2_statements/combi.ts.Alternative.run,assignment,8
src/abap/2_statements/combi.ts.Alternative.run,cast_assignment,3
src/abap/2_statements/combi.ts.Alternative.run,clear,10
src/abap/2_statements/combi.ts.Alternative.run,condition,1
src/abap/2_statements/combi.ts.Alternative.run,control_marker,4
src/abap/2_statements/combi.ts.Alternative.run,create,1
src/abap/2_statements/combi.ts.Alternative.run,data_cast,12
src/abap/2_statements/combi.ts.Alternative.run,data_expression,1
src/abap/2_statements/combi.ts.Alternative.run,data_value_init,4
src/abap/2_statements/combi.ts.Alternative.run,declaration,10
src/abap/2_statements/combi.ts.Alternative.run,loop_entry,2
src/abap/2_statements/combi.ts.Alternative.run,table_read,1
src/abap/2_statements/combi.ts.Alternative.run,table_write,2
src/abap/2_statements/combi.ts.Alternative.run,transfer,1
src/abap/2_statements/combi.ts.Alternative.run_one,assignment,4
src/abap/2_statements/combi.ts.Alternative.run_one,clear,4
src/abap/2_statements/combi.ts.Alternative.run_one,create,1
src/abap/2_statements/combi.ts.Alternative.run_one,data_cast,4
src/abap/2_statements/combi.ts.Alternative.run_one,declaration,4
src/abap/2_statements/combi.ts.Alternative.run_one,table_write,1
src/abap/2_statements/combi.ts.Alternative.run_one,transfer,1
src/abap/2_statements/combi.ts.AlternativePriority.run,assignment,10
src/abap/2_statements/combi.ts.AlternativePriority.run,cast_assignment,3
src/abap/2_statements/combi.ts.AlternativePriority.run,clear,10
src/abap/2_statements/combi.ts.AlternativePriority.run,condition,2
src/abap/2_statements/combi.ts.AlternativePriority.run,control_marker,5
src/abap/2_statements/combi.ts.AlternativePriority.run,create,1
src/abap/2_statements/combi.ts.AlternativePriority.run,data_cast,13
src/abap/2_statements/combi.ts.AlternativePriority.run,data_expression,2
src/abap/2_statements/combi.ts.AlternativePriority.run,data_value_init,6
src/abap/2_statements/combi.ts.AlternativePriority.run,declaration,10
src/abap/2_statements/combi.ts.AlternativePriority.run,loop_entry,2
src/abap/2_statements/combi.ts.AlternativePriority.run,table_read,1
src/abap/2_statements/combi.ts.AlternativePriority.run,table_write,2
src/abap/2_statements/combi.ts.AlternativePriority.run,transfer,2
src/abap/2_statements/combi.ts.AlternativePriority.run_one,assignment,4
src/abap/2_statements/combi.ts.AlternativePriority.run_one,clear,4
src/abap/2_statements/combi.ts.AlternativePriority.run_one,create,1
src/abap/2_statements/combi.ts.AlternativePriority.run_one,data_cast,4
src/abap/2_statements/combi.ts.AlternativePriority.run_one,declaration,4
src/abap/2_statements/combi.ts.AlternativePriority.run_one,table_write,1
src/abap/2_statements/combi.ts.AlternativePriority.run_one,transfer,1
src/abap/2_statements/combi.ts.Expression.run,assignment,39
src/abap/2_statements/combi.ts.Expression.run,call,1
src/abap/2_statements/combi.ts.Expression.run,cast_assignment,2
src/abap/2_statements/combi.ts.Expression.run,clear,21
src/abap/2_statements/combi.ts.Expression.run,condition,7
src/abap/2_statements/combi.ts.Expression.run,control_marker,11
src/abap/2_statements/combi.ts.Expression.run,create,1
src/abap/2_statements/combi.ts.Expression.run,data_cast,21
src/abap/2_statements/combi.ts.Expression.run,data_expression,4
src/abap/2_statements/combi.ts.Expression.run,data_value_init,17
src/abap/2_statements/combi.ts.Expression.run,declaration,23
src/abap/2_statements/combi.ts.Expression.run,loop_entry,2
src/abap/2_statements/combi.ts.Expression.run,table_write,2
src/abap/2_statements/combi.ts.Expression.run,transfer,4
src/abap/2_statements/combi.ts.Expression.run_one,assignment,40
src/abap/2_statements/combi.ts.Expression.run_one,call,1
src/abap/2_statements/combi.ts.Expression.run_one,cast_assignment,1
src/abap/2_statements/combi.ts.Expression.run_one,clear,20
src/abap/2_statements/combi.ts.Expression.run_one,condition,7
src/abap/2_statements/combi.ts.Expression.run_one,control_marker,10
src/abap/2_statements/combi.ts.Expression.run_one,create,1
src/abap/2_statements/combi.ts.Expression.run_one,data_cast,21
src/abap/2_statements/combi.ts.Expression.run_one,data_expression,4
src/abap/2_statements/combi.ts.Expression.run_one,data_value_init,17
src/abap/2_statements/combi.ts.Expression.run_one,declaration,22
src/abap/2_statements/combi.ts.Expression.run_one,loop_entry,1
src/abap/2_statements/combi.ts.Expression.run_one,table_write,2
src/abap/2_statements/combi.ts.Expression.run_one,transfer,4
src/abap/2_statements/combi.ts.Optional.run,assignment,8
src/abap/2_statements/combi.ts.Optional.run,cast_assignment,3
src/abap/2_statements/combi.ts.Optional.run,clear,10
src/abap/2_statements/combi.ts.Optional.run,condition,1
src/abap/2_statements/combi.ts.Optional.run,control_marker,4
src/abap/2_statements/combi.ts.Optional.run,create,1
src/abap/2_statements/combi.ts.Optional.run,data_cast,14
src/abap/2_statements/combi.ts.Optional.run,data_expression,1
src/abap/2_statements/combi.ts.Optional.run,data_value_init,4
src/abap/2_statements/combi.ts.Optional.run,declaration,10
src/abap/2_statements/combi.ts.Optional.run,loop_entry,2
src/abap/2_statements/combi.ts.Optional.run,table_read,1
src/abap/2_statements/combi.ts.Optional.run,table_write,3
src/abap/2_statements/combi.ts.Optional.run,transfer,1
src/abap/2_statements/combi.ts.Optional.run_one,assignment,9
src/abap/2_statements/combi.ts.Optional.run_one,cast_assignment,2
src/abap/2_statements/combi.ts.Optional.run_one,clear,9
src/abap/2_statements/combi.ts.Optional.run_one,condition,1
src/abap/2_statements/combi.ts.Optional.run_one,control_marker,3
src/abap/2_statements/combi.ts.Optional.run_one,create,1
src/abap/2_statements/combi.ts.Optional.run_one,data_cast,14
src/abap/2_statements/combi.ts.Optional.run_one,data_expression,1
src/abap/2_statements/combi.ts.Optional.run_one,data_value_init,4
src/abap/2_statements/combi.ts.Optional.run_one,declaration,9
src/abap/2_statements/combi.ts.Optional.run_one,loop_entry,1
src/abap/2_statements/combi.ts.Optional.run_one,table_read,1
src/abap/2_statements/combi.ts.Optional.run_one,table_write,3
src/abap/2_statements/combi.ts.Optional.run_one,transfer,1
src/abap/2_statements/combi.ts.Permutation.run,assignment,27
src/abap/2_statements/combi.ts.Permutation.run,cast_assignment,5
src/abap/2_statements/combi.ts.Permutation.run,clear,21
src/abap/2_statements/combi.ts.Permutation.run,condition,3
src/abap/2_statements/combi.ts.Permutation.run,control_marker,8
src/abap/2_statements/combi.ts.Permutation.run,create,1
src/abap/2_statements/combi.ts.Permutation.run,data_cast,24
src/abap/2_statements/combi.ts.Permutation.run,data_expression,9
src/abap/2_statements/combi.ts.Permutation.run,data_value_init,14
src/abap/2_statements/combi.ts.Permutation.run,declaration,21
src/abap/2_statements/combi.ts.Permutation.run,loop_entry,4
src/abap/2_statements/combi.ts.Permutation.run,table_read,2
src/abap/2_statements/combi.ts.Permutation.run,table_write,3
src/abap/2_statements/combi.ts.Permutation.run,transfer,2
src/abap/2_statements/combi.ts.Permutation.run_one,assignment,4
src/abap/2_statements/combi.ts.Permutation.run_one,clear,4
src/abap/2_statements/combi.ts.Permutation.run_one,create,1
src/abap/2_statements/combi.ts.Permutation.run_one,data_cast,4
src/abap/2_statements/combi.ts.Permutation.run_one,declaration,4
src/abap/2_statements/combi.ts.Permutation.run_one,table_write,1
src/abap/2_statements/combi.ts.Permutation.run_one,transfer,1
src/abap/2_statements/combi.ts.Plus.run,assignment,2
src/abap/2_statements/combi.ts.Plus.run,clear,1
src/abap/2_statements/combi.ts.Plus.run,data_cast,3
src/abap/2_statements/combi.ts.Plus.run,declaration,1
src/abap/2_statements/combi.ts.Plus.run,transfer,1
src/abap/2_statements/combi.ts.Plus.run_one,assignment,6
src/abap/2_statements/combi.ts.Plus.run_one,clear,6
src/abap/2_statements/combi.ts.Plus.run_one,create,1
src/abap/2_statements/combi.ts.Plus.run_one,data_cast,6
src/abap/2_statements/combi.ts.Plus.run_one,declaration,6
src/abap/2_statements/combi.ts.Plus.run_one,table_write,1
src/abap/2_statements/combi.ts.Plus.run_one,transfer,1
src/abap/2_statements/combi.ts.Regex.run,assignment,43
src/abap/2_statements/combi.ts.Regex.run,cast_assignment,2
src/abap/2_statements/combi.ts.Regex.run,clear,23
src/abap/2_statements/combi.ts.Regex.run,condition,6
src/abap/2_statements/combi.ts.Regex.run,control_marker,8
src/abap/2_statements/combi.ts.Regex.run,create,1
src/abap/2_statements/combi.ts.Regex.run,data_cast,20
src/abap/2_statements/combi.ts.Regex.run,data_expression,5
src/abap/2_statements/combi.ts.Regex.run,data_value_init,17
src/abap/2_statements/combi.ts.Regex.run,declaration,25
src/abap/2_statements/combi.ts.Regex.run,loop_entry,1
src/abap/2_statements/combi.ts.Regex.run,table_read,1
src/abap/2_statements/combi.ts.Regex.run,table_write,1
src/abap/2_statements/combi.ts.Regex.run,transfer,5
src/abap/2_statements/combi.ts.Regex.run_one,assignment,4
src/abap/2_statements/combi.ts.Regex.run_one,clear,4
src/abap/2_statements/combi.ts.Regex.run_one,create,1
src/abap/2_statements/combi.ts.Regex.run_one,data_cast,4
src/abap/2_statements/combi.ts.Regex.run_one,declaration,4
src/abap/2_statements/combi.ts.Regex.run_one,table_write,1
src/abap/2_statements/combi.ts.Regex.run_one,transfer,1
src/abap/2_statements/combi.ts.Sequence.run,assignment,20
src/abap/2_statements/combi.ts.Sequence.run,cast_assignment,4
src/abap/2_statements/combi.ts.Sequence.run,clear,16
src/abap/2_statements/combi.ts.Sequence.run,condition,4
src/abap/2_statements/combi.ts.Sequence.run,control_marker,9
src/abap/2_statements/combi.ts.Sequence.run,create,2
src/abap/2_statements/combi.ts.Sequence.run,data_cast,20
src/abap/2_statements/combi.ts.Sequence.run,data_expression,7
src/abap/2_statements/combi.ts.Sequence.run,data_value_init,10
src/abap/2_statements/combi.ts.Sequence.run,declaration,16
src/abap/2_statements/combi.ts.Sequence.run,loop_entry,3
src/abap/2_statements/combi.ts.Sequence.run,table_read,1
src/abap/2_statements/combi.ts.Sequence.run,table_write,3
src/abap/2_statements/combi.ts.Sequence.run,transfer,2
src/abap/2_statements/combi.ts.Sequence.run_one,assignment,21
src/abap/2_statements/combi.ts.Sequence.run_one,cast_assignment,3
src/abap/2_statements/combi.ts.Sequence.run_one,clear,15
src/abap/2_statements/combi.ts.Sequence.run_one,condition,4
src/abap/2_statements/combi.ts.Sequence.run_one,control_marker,8
src/abap/2_statements/combi.ts.Sequence.run_one,create,2
src/abap/2_statements/combi.ts.Sequence.run_one,data_cast,20
src/abap/2_statements/combi.ts.Sequence.run_one,data_expression,7
src/abap/2_statements/combi.ts.Sequence.run_one,data_value_init,10
src/abap/2_statements/combi.ts.Sequence.run_one,declaration,15
src/abap/2_statements/combi.ts.Sequence.run_one,loop_entry,2
src/abap/2_statements/combi.ts.Sequence.run_one,table_read,1
src/abap/2_statements/combi.ts.Sequence.run_one,table_write,3
src/abap/2_statements/combi.ts.Sequence.run_one,transfer,2
src/abap/2_statements/combi.ts.Star.run,assignment,20
src/abap/2_statements/combi.ts.Star.run,call,1
src/abap/2_statements/combi.ts.Star.run,cast_assignment,2
src/abap/2_statements/combi.ts.Star.run,clear,12
src/abap/2_statements/combi.ts.Star.run,condition,5
src/abap/2_statements/combi.ts.Star.run,control_marker,12
src/abap/2_statements/combi.ts.Star.run,create,1
src/abap/2_statements/combi.ts.Star.run,data_cast,22
src/abap/2_statements/combi.ts.Star.run,data_expression,4
src/abap/2_statements/combi.ts.Star.run,data_value_init,9
src/abap/2_statements/combi.ts.Star.run,declaration,12
src/abap/2_statements/combi.ts.Star.run,loop_entry,2
src/abap/2_statements/combi.ts.Star.run,table_read,1
src/abap/2_statements/combi.ts.Star.run,table_write,2
src/abap/2_statements/combi.ts.Star.run,transfer,5
src/abap/2_statements/combi.ts.Star.run_one,assignment,4
src/abap/2_statements/combi.ts.Star.run_one,clear,4
src/abap/2_statements/combi.ts.Star.run_one,create,1
src/abap/2_statements/combi.ts.Star.run_one,data_cast,4
src/abap/2_statements/combi.ts.Star.run_one,declaration,4
src/abap/2_statements/combi.ts.Star.run_one,table_write,1
src/abap/2_statements/combi.ts.Star.run_one,transfer,1
src/abap/2_statements/combi.ts.Token.run,assignment,46
src/abap/2_statements/combi.ts.Token.run,cast_assignment,3
src/abap/2_statements/combi.ts.Token.run,clear,27
src/abap/2_statements/combi.ts.Token.run,condition,6
src/abap/2_statements/combi.ts.Token.run,control_marker,8
src/abap/2_statements/combi.ts.Token.run,create,1
src/abap/2_statements/combi.ts.Token.run,data_cast,20
src/abap/2_statements/combi.ts.Token.run,data_expression,4
src/abap/2_statements/combi.ts.Token.run,data_value_init,16
src/abap/2_statements/combi.ts.Token.run,declaration,29
src/abap/2_statements/combi.ts.Token.run,loop_entry,1
src/abap/2_statements/combi.ts.Token.run,table_read,2
src/abap/2_statements/combi.ts.Token.run,table_write,1
src/abap/2_statements/combi.ts.Token.run,transfer,4
src/abap/2_statements/combi.ts.Token.run_one,assignment,47
src/abap/2_statements/combi.ts.Token.run_one,cast_assignment,2
src/abap/2_statements/combi.ts.Token.run_one,clear,26
src/abap/2_statements/combi.ts.Token.run_one,condition,6
src/abap/2_statements/combi.ts.Token.run_one,control_marker,7
src/abap/2_statements/combi.ts.Token.run_one,create,1
src/abap/2_statements/combi.ts.Token.run_one,data_cast,20
src/abap/2_statements/combi.ts.Token.run_one,data_expression,4
src/abap/2_statements/combi.ts.Token.run_one,data_value_init,16
src/abap/2_statements/combi.ts.Token.run_one,declaration,28
src/abap/2_statements/combi.ts.Token.run_one,table_read,2
src/abap/2_statements/combi.ts.Token.run_one,table_write,1
src/abap/2_statements/combi.ts.Token.run_one,transfer,4
src/abap/2_statements/combi.ts.Word.run,assignment,48
src/abap/2_statements/combi.ts.Word.run,cast_assignment,3
src/abap/2_statements/combi.ts.Word.run,clear,27
src/abap/2_statements/combi.ts.Word.run,condition,6
src/abap/2_statements/combi.ts.Word.run,control_marker,8
src/abap/2_statements/combi.ts.Word.run,create,1
src/abap/2_statements/combi.ts.Word.run,data_cast,20
src/abap/2_statements/combi.ts.Word.run,data_expression,5
src/abap/2_statements/combi.ts.Word.run,data_value_init,18
src/abap/2_statements/combi.ts.Word.run,declaration,29
src/abap/2_statements/combi.ts.Word.run,loop_entry,1
src/abap/2_statements/combi.ts.Word.run,table_read,2
src/abap/2_statements/combi.ts.Word.run,table_write,1
src/abap/2_statements/combi.ts.Word.run,transfer,4
src/abap/2_statements/combi.ts.Word.run_one,assignment,49
src/abap/2_statements/combi.ts.Word.run_one,cast_assignment,2
src/abap/2_statements/combi.ts.Word.run_one,clear,26
src/abap/2_statements/combi.ts.Word.run_one,condition,6
src/abap/2_statements/combi.ts.Word.run_one,control_marker,7
src/abap/2_statements/combi.ts.Word.run_one,create,1
src/abap/2_statements/combi.ts.Word.run_one,data_cast,20
src/abap/2_statements/combi.ts.Word.run_one,data_expression,5
src/abap/2_statements/combi.ts.Word.run_one,data_value_init,18
src/abap/2_statements/combi.ts.Word.run_one,declaration,28
src/abap/2_statements/combi.ts.Word.run_one,table_read,2
src/abap/2_statements/combi.ts.Word.run_one,table_write,1
src/abap/2_statements/combi.ts.Word.run_one,transfer,4
src/abap/2_statements/result.ts.Result.constructor,assignment,10
src/abap/2_statements/result.ts.Result.constructor,call,4
src/abap/2_statements/result.ts.Result.constructor,clear,4
src/abap/2_statements/result.ts.Result.constructor,condition,3
src/abap/2_statements/result.ts.Result.constructor,control_marker,3
src/abap/2_statements/result.ts.Result.constructor,data_cast,6
src/abap/2_statements/result.ts.Result.constructor,data_expression,4
src/abap/2_statements/result.ts.Result.constructor,data_value_init,5
src/abap/2_statements/result.ts.Result.constructor,declaration,6
src/abap/2_statements/result.ts.Result.constructor,transfer,1
src/abap/2_statements/result.ts.Result.fromChain,assignment,3
src/abap/2_statements/result.ts.Result.fromChain,call,2
src/abap/2_statements/result.ts.Result.fromChain,clear,3
src/abap/2_statements/result.ts.Result.fromChain,data_cast,7
src/abap/2_statements/result.ts.Result.fromChain,data_expression,4
src/abap/2_statements/result.ts.Result.fromChain,declaration,3
src/abap/2_statements/result.ts.Result.fromChain,transfer,1
src/abap/2_statements/result.ts.Result.getNodes,assignment,29
src/abap/2_statements/result.ts.Result.getNodes,call,1
src/abap/2_statements/result.ts.Result.getNodes,clear,14
src/abap/2_statements/result.ts.Result.getNodes,condition,7
src/abap/2_statements/result.ts.Result.getNodes,control_marker,10
src/abap/2_statements/result.ts.Result.getNodes,create,1
src/abap/2_statements/result.ts.Result.getNodes,data_cast,7
src/abap/2_statements/result.ts.Result.getNodes,data_expression,8
src/abap/2_statements/result.ts.Result.getNodes,data_value_init,8
src/abap/2_statements/result.ts.Result.getNodes,declaration,16
src/abap/2_statements/result.ts.Result.getNodes,loop_entry,3
src/abap/2_statements/result.ts.Result.getNodes,table_write,2
src/abap/2_statements/result.ts.Result.getNodes,transfer,7
src/abap/2_statements/result.ts.Result.getTokenIndex,call,1
src/abap/2_statements/result.ts.Result.getTokenIndex,data_expression,2
src/abap/2_statements/result.ts.Result.getTokenIndex,transfer,1
src/abap/2_statements/result.ts.Result.getTokens,call,1
src/abap/2_statements/result.ts.Result.getTokens,data_expression,2
src/abap/2_statements/result.ts.Result.getTokens,transfer,1
src/abap/2_statements/result.ts.Result.peek,assignment,2
src/abap/2_statements/result.ts.Result.peek,cast_assignment,1
src/abap/2_statements/result.ts.Result.peek,clear,2
src/abap/2_statements/result.ts.Result.peek,data_cast,1
src/abap/2_statements/result.ts.Result.peek,data_expression,1
src/abap/2_statements/result.ts.Result.peek,declaration,2
src/abap/2_statements/result.ts.Result.peek,table_read,1
src/abap/2_statements/result.ts.Result.peek,transfer,1
src/abap/2_statements/result.ts.Result.peekAt,assignment,15
src/abap/2_statements/result.ts.Result.peekAt,cast_assignment,1
src/abap/2_statements/result.ts.Result.peekAt,clear,4
src/abap/2_statements/result.ts.Result.peekAt,condition,3
src/abap/2_statements/result.ts.Result.peekAt,control_marker,4
src/abap/2_statements/result.ts.Result.peekAt,data_cast,1
src/abap/2_statements/result.ts.Result.peekAt,data_expression,4
src/abap/2_statements/result.ts.Result.peekAt,data_value_init,3
src/abap/2_statements/result.ts.Result.peekAt,declaration,8
src/abap/2_statements/result.ts.Result.peekAt,table_read,1
src/abap/2_statements/result.ts.Result.peekAt,transfer,3
src/abap/2_statements/result.ts.Result.popNode,call,1
src/abap/2_statements/result.ts.Result.popNode,data_expression,2
src/abap/2_statements/result.ts.Result.popNode,transfer,1
src/abap/2_statements/result.ts.Result.remainingLength,assignment,11
src/abap/2_statements/result.ts.Result.remainingLength,condition,1
src/abap/2_statements/result.ts.Result.remainingLength,control_marker,1
src/abap/2_statements/result.ts.Result.remainingLength,data_cast,1
src/abap/2_statements/result.ts.Result.remainingLength,data_expression,1
src/abap/2_statements/result.ts.Result.remainingLength,data_value_init,4
src/abap/2_statements/result.ts.Result.remainingLength,declaration,2
src/abap/2_statements/result.ts.Result.remainingLength,transfer,2
src/abap/2_statements/result.ts.Result.setNodes,call,1
src/abap/2_statements/result.ts.Result.setNodes,data_cast,1
src/abap/2_statements/result.ts.Result.setNodes,data_expression,2
src/abap/2_statements/result.ts.Result.setNodes,transfer,1
src/abap/2_statements/result.ts.Result.shift,assignment,14
src/abap/2_statements/result.ts.Result.shift,clear,4
src/abap/2_statements/result.ts.Result.shift,condition,3
src/abap/2_statements/result.ts.Result.shift,control_marker,4
src/abap/2_statements/result.ts.Result.shift,data_cast,4
src/abap/2_statements/result.ts.Result.shift,data_expression,5
src/abap/2_statements/result.ts.Result.shift,data_value_init,3
src/abap/2_statements/result.ts.Result.shift,declaration,6
src/abap/2_statements/result.ts.Result.shift,transfer,3
src/abap/2_statements/result.ts.Result.wrapConsumed,assignment,33
src/abap/2_statements/result.ts.Result.wrapConsumed,call,2
src/abap/2_statements/result.ts.Result.wrapConsumed,clear,17
src/abap/2_statements/result.ts.Result.wrapConsumed,condition,7
src/abap/2_statements/result.ts.Result.wrapConsumed,control_marker,9
src/abap/2_statements/result.ts.Result.wrapConsumed,create,1
src/abap/2_statements/result.ts.Result.wrapConsumed,data_cast,13
src/abap/2_statements/result.ts.Result.wrapConsumed,data_expression,10
src/abap/2_statements/result.ts.Result.wrapConsumed,data_value_init,8
src/abap/2_statements/result.ts.Result.wrapConsumed,declaration,19
src/abap/2_statements/result.ts.Result.wrapConsumed,loop_entry,1
src/abap/2_statements/result.ts.Result.wrapConsumed,table_write,1
src/abap/2_statements/result.ts.Result.wrapConsumed,transfer,6
src/abap/2_statements/statement_parser.ts.StatementParser.buildSplits,assignment,46
src/abap/2_statements/statement_parser.ts.StatementParser.buildSplits,cast_assignment,4
src/abap/2_statements/statement_parser.ts.StatementParser.buildSplits,clear,37
src/abap/2_statements/statement_parser.ts.StatementParser.buildSplits,condition,4
src/abap/2_statements/statement_parser.ts.StatementParser.buildSplits,control_marker,7
src/abap/2_statements/statement_parser.ts.StatementParser.buildSplits,create,4
src/abap/2_statements/statement_parser.ts.StatementParser.buildSplits,data_cast,21
src/abap/2_statements/statement_parser.ts.StatementParser.buildSplits,data_expression,11
src/abap/2_statements/statement_parser.ts.StatementParser.buildSplits,data_value_init,15
src/abap/2_statements/statement_parser.ts.StatementParser.buildSplits,declaration,37
src/abap/2_statements/statement_parser.ts.StatementParser.buildSplits,loop_entry,1
src/abap/2_statements/statement_parser.ts.StatementParser.buildSplits,table_read,4
src/abap/2_statements/statement_parser.ts.StatementParser.buildSplits,table_write,2
src/abap/2_statements/statement_parser.ts.StatementParser.buildSplits,transfer,2
src/abap/2_statements/statement_parser.ts.StatementParser.categorize,assignment,3
src/abap/2_statements/statement_parser.ts.StatementParser.categorize,call,1
src/abap/2_statements/statement_parser.ts.StatementParser.categorize,cast_assignment,1
src/abap/2_statements/statement_parser.ts.StatementParser.categorize,clear,6
src/abap/2_statements/statement_parser.ts.StatementParser.categorize,control_marker,1
src/abap/2_statements/statement_parser.ts.StatementParser.categorize,create,1
src/abap/2_statements/statement_parser.ts.StatementParser.categorize,data_cast,6
src/abap/2_statements/statement_parser.ts.StatementParser.categorize,declaration,6
src/abap/2_statements/statement_parser.ts.StatementParser.categorize,loop_entry,1
src/abap/2_statements/statement_parser.ts.StatementParser.categorize,table_write,1
src/abap/2_statements/statement_parser.ts.StatementParser.categorizeStatement,assignment,44
src/abap/2_statements/statement_parser.ts.StatementParser.categorizeStatement,cast_assignment,3
src/abap/2_statements/statement_parser.ts.StatementParser.categorizeStatement,clear,34
src/abap/2_statements/statement_parser.ts.StatementParser.categorizeStatement,condition,8
src/abap/2_statements/statement_parser.ts.StatementParser.categorizeStatement,control_marker,12
src/abap/2_statements/statement_parser.ts.StatementParser.categorizeStatement,create,2
src/abap/2_statements/statement_parser.ts.StatementParser.categorizeStatement,data_cast,21
src/abap/2_statements/statement_parser.ts.StatementParser.categorizeStatement,data_expression,11
src/abap/2_statements/statement_parser.ts.StatementParser.categorizeStatement,data_value_init,11
src/abap/2_statements/statement_parser.ts.StatementParser.categorizeStatement,declaration,34
src/abap/2_statements/statement_parser.ts.StatementParser.categorizeStatement,table_write,2
src/abap/2_statements/statement_parser.ts.StatementParser.categorizeStatement,transfer,1
src/abap/2_statements/statement_parser.ts.StatementParser.constructor,assignment,7
src/abap/2_statements/statement_parser.ts.StatementParser.constructor,call,5
src/abap/2_statements/statement_parser.ts.StatementParser.constructor,condition,4
src/abap/2_statements/statement_parser.ts.StatementParser.constructor,control_marker,3
src/abap/2_statements/statement_parser.ts.StatementParser.constructor,data_cast,8
src/abap/2_statements/statement_parser.ts.StatementParser.constructor,data_expression,3
src/abap/2_statements/statement_parser.ts.StatementParser.constructor,data_value_init,4
src/abap/2_statements/statement_parser.ts.StatementParser.lazyUnknown,assignment,78
src/abap/2_statements/statement_parser.ts.StatementParser.lazyUnknown,call,1
src/abap/2_statements/statement_parser.ts.StatementParser.lazyUnknown,cast_assignment,2
src/abap/2_statements/statement_parser.ts.StatementParser.lazyUnknown,clear,28
src/abap/2_statements/statement_parser.ts.StatementParser.lazyUnknown,condition,28
src/abap/2_statements/statement_parser.ts.StatementParser.lazyUnknown,control_marker,24
src/abap/2_statements/statement_parser.ts.StatementParser.lazyUnknown,create,1
src/abap/2_statements/statement_parser.ts.StatementParser.lazyUnknown,data_cast,18
src/abap/2_statements/statement_parser.ts.StatementParser.lazyUnknown,data_expression,28
src/abap/2_statements/statement_parser.ts.StatementParser.lazyUnknown,data_value_init,46
src/abap/2_statements/statement_parser.ts.StatementParser.lazyUnknown,declaration,28
src/abap/2_statements/statement_parser.ts.StatementParser.lazyUnknown,loop_entry,2
src/abap/2_statements/statement_parser.ts.StatementParser.lazyUnknown,replace,102
src/abap/2_statements/statement_parser.ts.StatementParser.lazyUnknown,table_write,2
src/abap/2_statements/statement_parser.ts.StatementParser.lazyUnknown,transfer,2
src/abap/2_statements/statement_parser.ts.StatementParser.lazyUnknown,translate,1
src/abap/2_statements/statement_parser.ts.StatementParser.match,assignment,74
src/abap/2_statements/statement_parser.ts.StatementParser.match,call,8
src/abap/2_statements/statement_parser.ts.StatementParser.match,cast_assignment,5
src/abap/2_statements/statement_parser.ts.StatementParser.match,clear,72
src/abap/2_statements/statement_parser.ts.StatementParser.match,condition,9
src/abap/2_statements/statement_parser.ts.StatementParser.match,control_marker,15
src/abap/2_statements/statement_parser.ts.StatementParser.match,create,2
src/abap/2_statements/statement_parser.ts.StatementParser.match,data_cast,44
src/abap/2_statements/statement_parser.ts.StatementParser.match,data_expression,13
src/abap/2_statements/statement_parser.ts.StatementParser.match,data_value_init,10
src/abap/2_statements/statement_parser.ts.StatementParser.match,declaration,72
src/abap/2_statements/statement_parser.ts.StatementParser.match,loop_entry,2
src/abap/2_statements/statement_parser.ts.StatementParser.match,table_read,3
src/abap/2_statements/statement_parser.ts.StatementParser.match,table_write,2
src/abap/2_statements/statement_parser.ts.StatementParser.match,transfer,4
src/abap/2_statements/statement_parser.ts.StatementParser.nativeAfter,assignment,45
src/abap/2_statements/statement_parser.ts.StatementParser.nativeAfter,cast_assignment,2
src/abap/2_statements/statement_parser.ts.StatementParser.nativeAfter,clear,15
src/abap/2_statements/statement_parser.ts.StatementParser.nativeAfter,condition,11
src/abap/2_statements/statement_parser.ts.StatementParser.nativeAfter,control_marker,13
src/abap/2_statements/statement_parser.ts.StatementParser.nativeAfter,create,2
src/abap/2_statements/statement_parser.ts.StatementParser.nativeAfter,data_cast,23
src/abap/2_statements/statement_parser.ts.StatementParser.nativeAfter,data_expression,17
src/abap/2_statements/statement_parser.ts.StatementParser.nativeAfter,data_value_init,30
src/abap/2_statements/statement_parser.ts.StatementParser.nativeAfter,declaration,15
src/abap/2_statements/statement_parser.ts.StatementParser.nativeAfter,loop_entry,2
src/abap/2_statements/statement_parser.ts.StatementParser.nativeAfter,replace,102
src/abap/2_statements/statement_parser.ts.StatementParser.nativeAfter,table_read,5
src/abap/2_statements/statement_parser.ts.StatementParser.nativeAfter,table_write,2
src/abap/2_statements/statement_parser.ts.StatementParser.nativeAfter,transfer,5
src/abap/2_statements/statement_parser.ts.StatementParser.nativeAfter,translate,1
src/abap/2_statements/statement_parser.ts.StatementParser.nativeSQL,assignment,65
src/abap/2_statements/statement_parser.ts.StatementParser.nativeSQL,call,2
src/abap/2_statements/statement_parser.ts.StatementParser.nativeSQL,cast_assignment,1
src/abap/2_statements/statement_parser.ts.StatementParser.nativeSQL,clear,39
src/abap/2_statements/statement_parser.ts.StatementParser.nativeSQL,condition,11
src/abap/2_statements/statement_parser.ts.StatementParser.nativeSQL,control_marker,15
src/abap/2_statements/statement_parser.ts.StatementParser.nativeSQL,data_cast,24
src/abap/2_statements/statement_parser.ts.StatementParser.nativeSQL,data_expression,25
src/abap/2_statements/statement_parser.ts.StatementParser.nativeSQL,data_value_init,26
src/abap/2_statements/statement_parser.ts.StatementParser.nativeSQL,declaration,37
src/abap/2_statements/statement_parser.ts.StatementParser.nativeSQL,loop_entry,3
src/abap/2_statements/statement_parser.ts.StatementParser.nativeSQL,replace,102
src/abap/2_statements/statement_parser.ts.StatementParser.nativeSQL,table_read,1
src/abap/2_statements/statement_parser.ts.StatementParser.nativeSQL,table_write,2
src/abap/2_statements/statement_parser.ts.StatementParser.nativeSQL,transfer,1
src/abap/2_statements/statement_parser.ts.StatementParser.nativeSQL,translate,1
src/abap/2_statements/statement_parser.ts.StatementParser.process,assignment,85
src/abap/2_statements/statement_parser.ts.StatementParser.process,cast_assignment,5
src/abap/2_statements/statement_parser.ts.StatementParser.process,clear,70
src/abap/2_statements/statement_parser.ts.StatementParser.process,condition,13
src/abap/2_statements/statement_parser.ts.StatementParser.process,control_marker,19
src/abap/2_statements/statement_parser.ts.StatementParser.process,create,7
src/abap/2_statements/statement_parser.ts.StatementParser.process,data_cast,59
src/abap/2_statements/statement_parser.ts.StatementParser.process,data_expression,24
src/abap/2_statements/statement_parser.ts.StatementParser.process,data_value_init,26
src/abap/2_statements/statement_parser.ts.StatementParser.process,declaration,70
src/abap/2_statements/statement_parser.ts.StatementParser.process,loop_entry,2
src/abap/2_statements/statement_parser.ts.StatementParser.process,table_write,7
src/abap/2_statements/statement_parser.ts.StatementParser.process,transfer,1
src/abap/2_statements/statement_parser.ts.StatementParser.removePragma,assignment,39
src/abap/2_statements/statement_parser.ts.StatementParser.removePragma,cast_assignment,3
src/abap/2_statements/statement_parser.ts.StatementParser.removePragma,clear,22
src/abap/2_statements/statement_parser.ts.StatementParser.removePragma,condition,10
src/abap/2_statements/statement_parser.ts.StatementParser.removePragma,control_marker,17
src/abap/2_statements/statement_parser.ts.StatementParser.removePragma,create,2
src/abap/2_statements/statement_parser.ts.StatementParser.removePragma,data_cast,14
src/abap/2_statements/statement_parser.ts.StatementParser.removePragma,data_expression,22
src/abap/2_statements/statement_parser.ts.StatementParser.removePragma,data_value_init,16
src/abap/2_statements/statement_parser.ts.StatementParser.removePragma,declaration,22
src/abap/2_statements/statement_parser.ts.StatementParser.removePragma,loop_entry,2
src/abap/2_statements/statement_parser.ts.StatementParser.removePragma,table_read,2
src/abap/2_statements/statement_parser.ts.StatementParser.removePragma,table_write,2
src/abap/2_statements/statement_parser.ts.StatementParser.removePragma,transfer,5
src/abap/2_statements/statement_parser.ts.StatementParser.run,assignment,28
src/abap/2_statements/statement_parser.ts.StatementParser.run,call,8
src/abap/2_statements/statement_parser.ts.StatementParser.run,cast_assignment,4
src/abap/2_statements/statement_parser.ts.StatementParser.run,clear,37
src/abap/2_statements/statement_parser.ts.StatementParser.run,condition,2
src/abap/2_statements/statement_parser.ts.StatementParser.run,control_marker,7
src/abap/2_statements/statement_parser.ts.StatementParser.run,create,2
src/abap/2_statements/statement_parser.ts.StatementParser.run,data_cast,32
src/abap/2_statements/statement_parser.ts.StatementParser.run,data_expression,4
src/abap/2_statements/statement_parser.ts.StatementParser.run,data_value_init,2
src/abap/2_statements/statement_parser.ts.StatementParser.run,declaration,37
src/abap/2_statements/statement_parser.ts.StatementParser.run,loop_entry,4
src/abap/2_statements/statement_parser.ts.StatementParser.run,table_write,2
src/abap/2_statements/statement_parser.ts.StatementParser.run,transfer,1
src/abap/2_statements/statement_parser.ts.StatementParser.tokensToNodes,assignment,3
src/abap/2_statements/statement_parser.ts.StatementParser.tokensToNodes,cast_assignment,1
src/abap/2_statements/statement_parser.ts.StatementParser.tokensToNodes,clear,5
src/abap/2_statements/statement_parser.ts.StatementParser.tokensToNodes,control_marker,1
src/abap/2_statements/statement_parser.ts.StatementParser.tokensToNodes,create,1
src/abap/2_statements/statement_parser.ts.StatementParser.tokensToNodes,data_cast,5
src/abap/2_statements/statement_parser.ts.StatementParser.tokensToNodes,declaration,5
src/abap/2_statements/statement_parser.ts.StatementParser.tokensToNodes,loop_entry,1
src/abap/2_statements/statement_parser.ts.StatementParser.tokensToNodes,table_write,1
src/abap/2_statements/statement_parser.ts.StatementParser.tokensToNodes,transfer,1
src/abap/2_statements/statement_parser.ts.StatementParser.tokensToNodes_one,assignment,4
src/abap/2_statements/statement_parser.ts.StatementParser.tokensToNodes_one,clear,4
src/abap/2_statements/statement_parser.ts.StatementParser.tokensToNodes_one,create,1
src/abap/2_statements/statement_parser.ts.StatementParser.tokensToNodes_one,data_cast,5
src/abap/2_statements/statement_parser.ts.StatementParser.tokensToNodes_one,declaration,4
src/abap/2_statements/statement_parser.ts.StatementParser.tokensToNodes_one,table_write,1
src/abap/2_statements/statement_parser.ts.StatementParser.tokensToNodes_one,transfer,1
src/abap/4_file_information/abap_file_information.ts.ABAPFileInformation.constructor,call,1
src/abap/4_file_information/abap_file_information.ts.ABAPFileInformation.constructor,data_cast,2
src/abap/4_file_information/abap_file_information.ts.ABAPFileInformation.getClassDefinitionByName,assignment,31
src/abap/4_file_information/abap_file_information.ts.ABAPFileInformation.getClassDefinitionByName,cast_assignment,1
src/abap/4_file_information/abap_file_information.ts.ABAPFileInformation.getClassDefinitionByName,clear,12
src/abap/4_file_information/abap_file_information.ts.ABAPFileInformation.getClassDefinitionByName,condition,11
src/abap/4_file_information/abap_file_information.ts.ABAPFileInformation.getClassDefinitionByName,control_marker,15
src/abap/4_file_information/abap_file_information.ts.ABAPFileInformation.getClassDefinitionByName,data_cast,5
src/abap/4_file_information/abap_file_information.ts.ABAPFileInformation.getClassDefinitionByName,data_expression,18
src/abap/4_file_information/abap_file_information.ts.ABAPFileInformation.getClassDefinitionByName,data_value_init,15
src/abap/4_file_information/abap_file_information.ts.ABAPFileInformation.getClassDefinitionByName,declaration,10
src/abap/4_file_information/abap_file_information.ts.ABAPFileInformation.getClassDefinitionByName,loop_entry,1
src/abap/4_file_information/abap_file_information.ts.ABAPFileInformation.getClassDefinitionByName,replace,204
src/abap/4_file_information/abap_file_information.ts.ABAPFileInformation.getClassDefinitionByName,transfer,2
src/abap/4_file_information/abap_file_information.ts.ABAPFileInformation.getClassDefinitionByName,translate,2
src/abap/4_file_information/abap_file_information.ts.ABAPFileInformation.getClassImplementationByName,assignment,31
src/abap/4_file_information/abap_file_information.ts.ABAPFileInformation.getClassImplementationByName,cast_assignment,1
src/abap/4_file_information/abap_file_information.ts.ABAPFileInformation.getClassImplementationByName,clear,12
src/abap/4_file_information/abap_file_information.ts.ABAPFileInformation.getClassImplementationByName,condition,11
src/abap/4_file_information/abap_file_information.ts.ABAPFileInformation.getClassImplementationByName,control_marker,15
src/abap/4_file_information/abap_file_information.ts.ABAPFileInformation.getClassImplementationByName,data_cast,5
src/abap/4_file_information/abap_file_information.ts.ABAPFileInformation.getClassImplementationByName,data_expression,18
src/abap/4_file_information/abap_file_information.ts.ABAPFileInformation.getClassImplementationByName,data_value_init,15
src/abap/4_file_information/abap_file_information.ts.ABAPFileInformation.getClassImplementationByName,declaration,10
src/abap/4_file_information/abap_file_information.ts.ABAPFileInformation.getClassImplementationByName,loop_entry,1
src/abap/4_file_information/abap_file_information.ts.ABAPFileInformation.getClassImplementationByName,replace,204
src/abap/4_file_information/abap_file_information.ts.ABAPFileInformation.getClassImplementationByName,transfer,2
src/abap/4_file_information/abap_file_information.ts.ABAPFileInformation.getClassImplementationByName,translate,2
src/abap/4_file_information/abap_file_information.ts.ABAPFileInformation.getInterfaceDefinitionByName,assignment,31
src/abap/4_file_information/abap_file_information.ts.ABAPFileInformation.getInterfaceDefinitionByName,cast_assignment,1
src/abap/4_file_information/abap_file_information.ts.ABAPFileInformation.getInterfaceDefinitionByName,clear,12
src/abap/4_file_information/abap_file_information.ts.ABAPFileInformation.getInterfaceDefinitionByName,condition,11
src/abap/4_file_information/abap_file_information.ts.ABAPFileInformation.getInterfaceDefinitionByName,control_marker,15
src/abap/4_file_information/abap_file_information.ts.ABAPFileInformation.getInterfaceDefinitionByName,data_cast,5
src/abap/4_file_information/abap_file_information.ts.ABAPFileInformation.getInterfaceDefinitionByName,data_expression,18
src/abap/4_file_information/abap_file_information.ts.ABAPFileInformation.getInterfaceDefinitionByName,data_value_init,15
src/abap/4_file_information/abap_file_information.ts.ABAPFileInformation.getInterfaceDefinitionByName,declaration,10
src/abap/4_file_information/abap_file_information.ts.ABAPFileInformation.getInterfaceDefinitionByName,loop_entry,1
src/abap/4_file_information/abap_file_information.ts.ABAPFileInformation.getInterfaceDefinitionByName,replace,204
src/abap/4_file_information/abap_file_information.ts.ABAPFileInformation.getInterfaceDefinitionByName,transfer,2
src/abap/4_file_information/abap_file_information.ts.ABAPFileInformation.getInterfaceDefinitionByName,translate,2
src/abap/4_file_information/abap_file_information.ts.ABAPFileInformation.listClassDefinitions,assignment,2
src/abap/4_file_information/abap_file_information.ts.ABAPFileInformation.listClassDefinitions,clear,1
src/abap/4_file_information/abap_file_information.ts.ABAPFileInformation.listClassDefinitions,data_cast,1
src/abap/4_file_information/abap_file_information.ts.ABAPFileInformation.listClassDefinitions,declaration,1
src/abap/4_file_information/abap_file_information.ts.ABAPFileInformation.listClassDefinitions,transfer,1
src/abap/4_file_information/abap_file_information.ts.ABAPFileInformation.listClassImplementations,assignment,2
src/abap/4_file_information/abap_file_information.ts.ABAPFileInformation.listClassImplementations,clear,1
src/abap/4_file_information/abap_file_information.ts.ABAPFileInformation.listClassImplementations,data_cast,1
src/abap/4_file_information/abap_file_information.ts.ABAPFileInformation.listClassImplementations,declaration,1
src/abap/4_file_information/abap_file_information.ts.ABAPFileInformation.listClassImplementations,transfer,1
src/abap/4_file_information/abap_file_information.ts.ABAPFileInformation.listFormDefinitions,call,1
src/abap/4_file_information/abap_file_information.ts.ABAPFileInformation.listFormDefinitions,data_expression,2
src/abap/4_file_information/abap_file_information.ts.ABAPFileInformation.listFormDefinitions,transfer,1
src/abap/4_file_information/abap_file_information.ts.ABAPFileInformation.listInterfaceDefinitions,assignment,2
src/abap/4_file_information/abap_file_information.ts.ABAPFileInformation.listInterfaceDefinitions,clear,1
src/abap/4_file_information/abap_file_information.ts.ABAPFileInformation.listInterfaceDefinitions,data_cast,1
src/abap/4_file_information/abap_file_information.ts.ABAPFileInformation.listInterfaceDefinitions,declaration,1
src/abap/4_file_information/abap_file_information.ts.ABAPFileInformation.listInterfaceDefinitions,transfer,1
