method,pattern,sites,outside_loops,inside_loops,straight_line_saved_sites,saved_sites_per_loop_visit
src/abap/1_lexer/lexer.ts.Lexer.add,temp_assign,174,174,0,174,0
src/abap/1_lexer/lexer.ts.Lexer.add,temp_argument,142,142,0,142,0
src/abap/1_lexer/lexer.ts.Lexer.add,cast_temp,89,89,0,89,0
src/abap/1_lexer/lexer.ts.Lexer.add,value_init_overwritten,192,192,0,192,0
src/abap/1_lexer/lexer.ts.Lexer.add,literal_constructor,0,0,0,0,0
src/abap/1_lexer/lexer.ts.Lexer.add,literal_range_build,0,0,0,0,0
src/abap/1_lexer/lexer.ts.Lexer.add,receiver_copy,0,0,0,0,0
src/abap/1_lexer/lexer.ts.Lexer.add,bool_if,38,38,0,38,0
src/abap/1_lexer/lexer.ts.Lexer.add,return_copy,0,0,0,0,0
src/abap/1_lexer/lexer.ts.Lexer.add,table_read_copy,0,0,0,0,0
src/abap/1_lexer/lexer.ts.Lexer.add,clear_before_write,73,71,2,71,2
src/abap/1_lexer/lexer.ts.Lexer.add,literal_scalar,84,84,0,84,0
src/abap/1_lexer/lexer.ts.Lexer.add,range_bound_assignment,8,8,0,8,0
src/abap/1_lexer/lexer.ts.Lexer.process,temp_assign,172,3,169,3,169
src/abap/1_lexer/lexer.ts.Lexer.process,temp_argument,59,0,59,0,59
src/abap/1_lexer/lexer.ts.Lexer.process,cast_temp,74,3,71,3,71
src/abap/1_lexer/lexer.ts.Lexer.process,value_init_overwritten,227,3,224,3,224
src/abap/1_lexer/lexer.ts.Lexer.process,literal_constructor,0,0,0,0,0
src/abap/1_lexer/lexer.ts.Lexer.process,literal_range_build,0,0,0,0,0
src/abap/1_lexer/lexer.ts.Lexer.process,receiver_copy,0,0,0,0,0
src/abap/1_lexer/lexer.ts.Lexer.process,bool_if,24,0,24,0,24
src/abap/1_lexer/lexer.ts.Lexer.process,return_copy,0,0,0,0,0
src/abap/1_lexer/lexer.ts.Lexer.process,table_read_copy,0,0,0,0,0
src/abap/1_lexer/lexer.ts.Lexer.process,clear_before_write,32,5,27,5,27
src/abap/1_lexer/lexer.ts.Lexer.process,literal_scalar,34,2,32,2,32
src/abap/1_lexer/lexer.ts.Lexer.process,range_bound_assignment,8,8,0,8,0
src/abap/1_lexer/lexer_stream.ts.LexerStream.advance,temp_assign,9,9,0,9,0
src/abap/1_lexer/lexer_stream.ts.LexerStream.advance,temp_argument,4,4,0,4,0
src/abap/1_lexer/lexer_stream.ts.LexerStream.advance,cast_temp,0,0,0,0,0
src/abap/1_lexer/lexer_stream.ts.LexerStream.advance,value_init_overwritten,11,11,0,11,0
src/abap/1_lexer/lexer_stream.ts.LexerStream.advance,literal_constructor,0,0,0,0,0
src/abap/1_lexer/lexer_stream.ts.LexerStream.advance,literal_range_build,0,0,0,0,0
src/abap/1_lexer/lexer_stream.ts.LexerStream.advance,receiver_copy,0,0,0,0,0
src/abap/1_lexer/lexer_stream.ts.LexerStream.advance,bool_if,4,4,0,4,0
src/abap/1_lexer/lexer_stream.ts.LexerStream.advance,return_copy,2,2,0,2,0
src/abap/1_lexer/lexer_stream.ts.LexerStream.advance,table_read_copy,0,0,0,0,0
src/abap/1_lexer/lexer_stream.ts.LexerStream.advance,clear_before_write,1,1,0,1,0
src/abap/1_lexer/lexer_stream.ts.LexerStream.advance,literal_scalar,8,8,0,8,0
src/abap/1_lexer/lexer_stream.ts.LexerStream.advance,range_bound_assignment,6,6,0,6,0
src/abap/1_lexer/lexer_stream.ts.LexerStream.charCodeAt,temp_assign,6,6,0,6,0
src/abap/1_lexer/lexer_stream.ts.LexerStream.charCodeAt,temp_argument,2,2,0,2,0
src/abap/1_lexer/lexer_stream.ts.LexerStream.charCodeAt,cast_temp,0,0,0,0,0
src/abap/1_lexer/lexer_stream.ts.LexerStream.charCodeAt,value_init_overwritten,6,6,0,6,0
src/abap/1_lexer/lexer_stream.ts.LexerStream.charCodeAt,literal_constructor,0,0,0,0,0
src/abap/1_lexer/lexer_stream.ts.LexerStream.charCodeAt,literal_range_build,0,0,0,0,0
src/abap/1_lexer/lexer_stream.ts.LexerStream.charCodeAt,receiver_copy,0,0,0,0,0
src/abap/1_lexer/lexer_stream.ts.LexerStream.charCodeAt,bool_if,0,0,0,0,0
src/abap/1_lexer/lexer_stream.ts.LexerStream.charCodeAt,return_copy,2,2,0,2,0
src/abap/1_lexer/lexer_stream.ts.LexerStream.charCodeAt,table_read_copy,0,0,0,0,0
src/abap/1_lexer/lexer_stream.ts.LexerStream.charCodeAt,clear_before_write,1,1,0,1,0
src/abap/1_lexer/lexer_stream.ts.LexerStream.charCodeAt,literal_scalar,1,1,0,1,0
src/abap/1_lexer/lexer_stream.ts.LexerStream.charCodeAt,range_bound_assignment,2,2,0,2,0
src/abap/1_lexer/lexer_stream.ts.LexerStream.constructor,temp_assign,0,0,0,0,0
src/abap/1_lexer/lexer_stream.ts.LexerStream.constructor,temp_argument,0,0,0,0,0
src/abap/1_lexer/lexer_stream.ts.LexerStream.constructor,cast_temp,0,0,0,0,0
src/abap/1_lexer/lexer_stream.ts.LexerStream.constructor,value_init_overwritten,0,0,0,0,0
src/abap/1_lexer/lexer_stream.ts.LexerStream.constructor,literal_constructor,0,0,0,0,0
src/abap/1_lexer/lexer_stream.ts.LexerStream.constructor,literal_range_build,0,0,0,0,0
src/abap/1_lexer/lexer_stream.ts.LexerStream.constructor,receiver_copy,0,0,0,0,0
src/abap/1_lexer/lexer_stream.ts.LexerStream.constructor,bool_if,0,0,0,0,0
src/abap/1_lexer/lexer_stream.ts.LexerStream.constructor,return_copy,0,0,0,0,0
src/abap/1_lexer/lexer_stream.ts.LexerStream.constructor,table_read_copy,0,0,0,0,0
src/abap/1_lexer/lexer_stream.ts.LexerStream.constructor,clear_before_write,0,0,0,0,0
src/abap/1_lexer/lexer_stream.ts.LexerStream.constructor,literal_scalar,3,3,0,3,0
src/abap/1_lexer/lexer_stream.ts.LexerStream.constructor,range_bound_assignment,0,0,0,0,0
src/abap/1_lexer/lexer_stream.ts.LexerStream.currentChar,temp_assign,6,6,0,6,0
src/abap/1_lexer/lexer_stream.ts.LexerStream.currentChar,temp_argument,2,2,0,2,0
src/abap/1_lexer/lexer_stream.ts.LexerStream.currentChar,cast_temp,0,0,0,0,0
src/abap/1_lexer/lexer_stream.ts.LexerStream.currentChar,value_init_overwritten,5,5,0,5,0
src/abap/1_lexer/lexer_stream.ts.LexerStream.currentChar,literal_constructor,0,0,0,0,0
src/abap/1_lexer/lexer_stream.ts.LexerStream.currentChar,literal_range_build,0,0,0,0,0
src/abap/1_lexer/lexer_stream.ts.LexerStream.currentChar,receiver_copy,0,0,0,0,0
src/abap/1_lexer/lexer_stream.ts.LexerStream.currentChar,bool_if,2,2,0,2,0
src/abap/1_lexer/lexer_stream.ts.LexerStream.currentChar,return_copy,3,3,0,3,0
src/abap/1_lexer/lexer_stream.ts.LexerStream.currentChar,table_read_copy,0,0,0,0,0
src/abap/1_lexer/lexer_stream.ts.LexerStream.currentChar,clear_before_write,1,1,0,1,0
src/abap/1_lexer/lexer_stream.ts.LexerStream.currentChar,literal_scalar,1,1,0,1,0
src/abap/1_lexer/lexer_stream.ts.LexerStream.currentChar,range_bound_assignment,0,0,0,0,0
src/abap/1_lexer/lexer_stream.ts.LexerStream.getCol,temp_assign,1,1,0,1,0
src/abap/1_lexer/lexer_stream.ts.LexerStream.getCol,temp_argument,0,0,0,0,0
src/abap/1_lexer/lexer_stream.ts.LexerStream.getCol,cast_temp,0,0,0,0,0
src/abap/1_lexer/lexer_stream.ts.LexerStream.getCol,value_init_overwritten,0,0,0,0,0
src/abap/1_lexer/lexer_stream.ts.LexerStream.getCol,literal_constructor,0,0,0,0,0
src/abap/1_lexer/lexer_stream.ts.LexerStream.getCol,literal_range_build,0,0,0,0,0
src/abap/1_lexer/lexer_stream.ts.LexerStream.getCol,receiver_copy,0,0,0,0,0
src/abap/1_lexer/lexer_stream.ts.LexerStream.getCol,bool_if,0,0,0,0,0
src/abap/1_lexer/lexer_stream.ts.LexerStream.getCol,return_copy,1,1,0,1,0
src/abap/1_lexer/lexer_stream.ts.LexerStream.getCol,table_read_copy,0,0,0,0,0
src/abap/1_lexer/lexer_stream.ts.LexerStream.getCol,clear_before_write,0,0,0,0,0
src/abap/1_lexer/lexer_stream.ts.LexerStream.getCol,literal_scalar,0,0,0,0,0
src/abap/1_lexer/lexer_stream.ts.LexerStream.getCol,range_bound_assignment,0,0,0,0,0
src/abap/1_lexer/lexer_stream.ts.LexerStream.getOffset,temp_assign,2,2,0,2,0
src/abap/1_lexer/lexer_stream.ts.LexerStream.getOffset,temp_argument,0,0,0,0,0
src/abap/1_lexer/lexer_stream.ts.LexerStream.getOffset,cast_temp,0,0,0,0,0
src/abap/1_lexer/lexer_stream.ts.LexerStream.getOffset,value_init_overwritten,1,1,0,1,0
src/abap/1_lexer/lexer_stream.ts.LexerStream.getOffset,literal_constructor,0,0,0,0,0
src/abap/1_lexer/lexer_stream.ts.LexerStream.getOffset,literal_range_build,0,0,0,0,0
src/abap/1_lexer/lexer_stream.ts.LexerStream.getOffset,receiver_copy,0,0,0,0,0
src/abap/1_lexer/lexer_stream.ts.LexerStream.getOffset,bool_if,0,0,0,0,0
src/abap/1_lexer/lexer_stream.ts.LexerStream.getOffset,return_copy,1,1,0,1,0
src/abap/1_lexer/lexer_stream.ts.LexerStream.getOffset,table_read_copy,0,0,0,0,0
src/abap/1_lexer/lexer_stream.ts.LexerStream.getOffset,clear_before_write,0,0,0,0,0
src/abap/1_lexer/lexer_stream.ts.LexerStream.getOffset,literal_scalar,0,0,0,0,0
src/abap/1_lexer/lexer_stream.ts.LexerStream.getOffset,range_bound_assignment,0,0,0,0,0
src/abap/1_lexer/lexer_stream.ts.LexerStream.getRaw,temp_assign,1,1,0,1,0
src/abap/1_lexer/lexer_stream.ts.LexerStream.getRaw,temp_argument,0,0,0,0,0
src/abap/1_lexer/lexer_stream.ts.LexerStream.getRaw,cast_temp,0,0,0,0,0
src/abap/1_lexer/lexer_stream.ts.LexerStream.getRaw,value_init_overwritten,0,0,0,0,0
src/abap/1_lexer/lexer_stream.ts.LexerStream.getRaw,literal_constructor,0,0,0,0,0
src/abap/1_lexer/lexer_stream.ts.LexerStream.getRaw,literal_range_build,0,0,0,0,0
src/abap/1_lexer/lexer_stream.ts.LexerStream.getRaw,receiver_copy,0,0,0,0,0
src/abap/1_lexer/lexer_stream.ts.LexerStream.getRaw,bool_if,0,0,0,0,0
src/abap/1_lexer/lexer_stream.ts.LexerStream.getRaw,return_copy,1,1,0,1,0
src/abap/1_lexer/lexer_stream.ts.LexerStream.getRaw,table_read_copy,0,0,0,0,0
src/abap/1_lexer/lexer_stream.ts.LexerStream.getRaw,clear_before_write,0,0,0,0,0
src/abap/1_lexer/lexer_stream.ts.LexerStream.getRaw,literal_scalar,0,0,0,0,0
src/abap/1_lexer/lexer_stream.ts.LexerStream.getRaw,range_bound_assignment,0,0,0,0,0
src/abap/1_lexer/lexer_stream.ts.LexerStream.getRow,temp_assign,1,1,0,1,0
src/abap/1_lexer/lexer_stream.ts.LexerStream.getRow,temp_argument,0,0,0,0,0
src/abap/1_lexer/lexer_stream.ts.LexerStream.getRow,cast_temp,0,0,0,0,0
src/abap/1_lexer/lexer_stream.ts.LexerStream.getRow,value_init_overwritten,0,0,0,0,0
src/abap/1_lexer/lexer_stream.ts.LexerStream.getRow,literal_constructor,0,0,0,0,0
src/abap/1_lexer/lexer_stream.ts.LexerStream.getRow,literal_range_build,0,0,0,0,0
src/abap/1_lexer/lexer_stream.ts.LexerStream.getRow,receiver_copy,0,0,0,0,0
src/abap/1_lexer/lexer_stream.ts.LexerStream.getRow,bool_if,0,0,0,0,0
src/abap/1_lexer/lexer_stream.ts.LexerStream.getRow,return_copy,1,1,0,1,0
src/abap/1_lexer/lexer_stream.ts.LexerStream.getRow,table_read_copy,0,0,0,0,0
src/abap/1_lexer/lexer_stream.ts.LexerStream.getRow,clear_before_write,0,0,0,0,0
src/abap/1_lexer/lexer_stream.ts.LexerStream.getRow,literal_scalar,0,0,0,0,0
src/abap/1_lexer/lexer_stream.ts.LexerStream.getRow,range_bound_assignment,0,0,0,0,0
src/abap/1_lexer/lexer_stream.ts.LexerStream.nextChar,temp_assign,7,7,0,7,0
src/abap/1_lexer/lexer_stream.ts.LexerStream.nextChar,temp_argument,1,1,0,1,0
src/abap/1_lexer/lexer_stream.ts.LexerStream.nextChar,cast_temp,0,0,0,0,0
src/abap/1_lexer/lexer_stream.ts.LexerStream.nextChar,value_init_overwritten,7,7,0,7,0
src/abap/1_lexer/lexer_stream.ts.LexerStream.nextChar,literal_constructor,0,0,0,0,0
src/abap/1_lexer/lexer_stream.ts.LexerStream.nextChar,literal_range_build,0,0,0,0,0
src/abap/1_lexer/lexer_stream.ts.LexerStream.nextChar,receiver_copy,0,0,0,0,0
src/abap/1_lexer/lexer_stream.ts.LexerStream.nextChar,bool_if,1,1,0,1,0
src/abap/1_lexer/lexer_stream.ts.LexerStream.nextChar,return_copy,2,2,0,2,0
src/abap/1_lexer/lexer_stream.ts.LexerStream.nextChar,table_read_copy,0,0,0,0,0
src/abap/1_lexer/lexer_stream.ts.LexerStream.nextChar,clear_before_write,1,1,0,1,0
src/abap/1_lexer/lexer_stream.ts.LexerStream.nextChar,literal_scalar,1,1,0,1,0
src/abap/1_lexer/lexer_stream.ts.LexerStream.nextChar,range_bound_assignment,6,6,0,6,0
src/abap/1_lexer/lexer_stream.ts.LexerStream.nextNextChar,temp_assign,7,7,0,7,0
src/abap/1_lexer/lexer_stream.ts.LexerStream.nextNextChar,temp_argument,1,1,0,1,0
src/abap/1_lexer/lexer_stream.ts.LexerStream.nextNextChar,cast_temp,0,0,0,0,0
src/abap/1_lexer/lexer_stream.ts.LexerStream.nextNextChar,value_init_overwritten,7,7,0,7,0
src/abap/1_lexer/lexer_stream.ts.LexerStream.nextNextChar,literal_constructor,0,0,0,0,0
src/abap/1_lexer/lexer_stream.ts.LexerStream.nextNextChar,literal_range_build,0,0,0,0,0
src/abap/1_lexer/lexer_stream.ts.LexerStream.nextNextChar,receiver_copy,0,0,0,0,0
src/abap/1_lexer/lexer_stream.ts.LexerStream.nextNextChar,bool_if,1,1,0,1,0
src/abap/1_lexer/lexer_stream.ts.LexerStream.nextNextChar,return_copy,2,2,0,2,0
src/abap/1_lexer/lexer_stream.ts.LexerStream.nextNextChar,table_read_copy,0,0,0,0,0
src/abap/1_lexer/lexer_stream.ts.LexerStream.nextNextChar,clear_before_write,1,1,0,1,0
src/abap/1_lexer/lexer_stream.ts.LexerStream.nextNextChar,literal_scalar,1,1,0,1,0
src/abap/1_lexer/lexer_stream.ts.LexerStream.nextNextChar,range_bound_assignment,6,6,0,6,0
src/abap/1_lexer/lexer_stream.ts.LexerStream.prevChar,temp_assign,4,4,0,4,0
src/abap/1_lexer/lexer_stream.ts.LexerStream.prevChar,temp_argument,1,1,0,1,0
src/abap/1_lexer/lexer_stream.ts.LexerStream.prevChar,cast_temp,0,0,0,0,0
src/abap/1_lexer/lexer_stream.ts.LexerStream.prevChar,value_init_overwritten,4,4,0,4,0
src/abap/1_lexer/lexer_stream.ts.LexerStream.prevChar,literal_constructor,0,0,0,0,0
src/abap/1_lexer/lexer_stream.ts.LexerStream.prevChar,literal_range_build,0,0,0,0,0
src/abap/1_lexer/lexer_stream.ts.LexerStream.prevChar,receiver_copy,0,0,0,0,0
src/abap/1_lexer/lexer_stream.ts.LexerStream.prevChar,bool_if,1,1,0,1,0
src/abap/1_lexer/lexer_stream.ts.LexerStream.prevChar,return_copy,2,2,0,2,0
src/abap/1_lexer/lexer_stream.ts.LexerStream.prevChar,table_read_copy,0,0,0,0,0
src/abap/1_lexer/lexer_stream.ts.LexerStream.prevChar,clear_before_write,1,1,0,1,0
src/abap/1_lexer/lexer_stream.ts.LexerStream.prevChar,literal_scalar,2,2,0,2,0
src/abap/1_lexer/lexer_stream.ts.LexerStream.prevChar,range_bound_assignment,0,0,0,0,0
src/abap/1_lexer/lexer_stream.ts.LexerStream.prevPrevChar,temp_assign,4,4,0,4,0
src/abap/1_lexer/lexer_stream.ts.LexerStream.prevPrevChar,temp_argument,1,1,0,1,0
src/abap/1_lexer/lexer_stream.ts.LexerStream.prevPrevChar,cast_temp,0,0,0,0,0
src/abap/1_lexer/lexer_stream.ts.LexerStream.prevPrevChar,value_init_overwritten,4,4,0,4,0
src/abap/1_lexer/lexer_stream.ts.LexerStream.prevPrevChar,literal_constructor,0,0,0,0,0
src/abap/1_lexer/lexer_stream.ts.LexerStream.prevPrevChar,literal_range_build,0,0,0,0,0
src/abap/1_lexer/lexer_stream.ts.LexerStream.prevPrevChar,receiver_copy,0,0,0,0,0
src/abap/1_lexer/lexer_stream.ts.LexerStream.prevPrevChar,bool_if,1,1,0,1,0
src/abap/1_lexer/lexer_stream.ts.LexerStream.prevPrevChar,return_copy,2,2,0,2,0
src/abap/1_lexer/lexer_stream.ts.LexerStream.prevPrevChar,table_read_copy,0,0,0,0,0
src/abap/1_lexer/lexer_stream.ts.LexerStream.prevPrevChar,clear_before_write,1,1,0,1,0
src/abap/1_lexer/lexer_stream.ts.LexerStream.prevPrevChar,literal_scalar,2,2,0,2,0
src/abap/1_lexer/lexer_stream.ts.LexerStream.prevPrevChar,range_bound_assignment,0,0,0,0,0
src/abap/2_statements/combi.ts.Alternative.run,temp_assign,3,1,2,1,2
src/abap/2_statements/combi.ts.Alternative.run,temp_argument,4,0,4,0,4
src/abap/2_statements/combi.ts.Alternative.run,cast_temp,15,3,12,3,12
src/abap/2_statements/combi.ts.Alternative.run,value_init_overwritten,3,0,3,0,3
src/abap/2_statements/combi.ts.Alternative.run,literal_constructor,0,0,0,0,0
src/abap/2_statements/combi.ts.Alternative.run,literal_range_build,0,0,0,0,0
src/abap/2_statements/combi.ts.Alternative.run,receiver_copy,2,0,2,0,2
src/abap/2_statements/combi.ts.Alternative.run,bool_if,1,0,1,0,1
src/abap/2_statements/combi.ts.Alternative.run,return_copy,1,1,0,1,0
src/abap/2_statements/combi.ts.Alternative.run,table_read_copy,1,0,1,0,1
src/abap/2_statements/combi.ts.Alternative.run,clear_before_write,5,2,3,2,3
src/abap/2_statements/combi.ts.Alternative.run,literal_scalar,1,0,1,0,1
src/abap/2_statements/combi.ts.Alternative.run,range_bound_assignment,0,0,0,0,0
src/abap/2_statements/combi.ts.Alternative.run_one,temp_assign,2,2,0,2,0
src/abap/2_statements/combi.ts.Alternative.run_one,temp_argument,0,0,0,0,0
src/abap/2_statements/combi.ts.Alternative.run_one,cast_temp,4,4,0,4,0
src/abap/2_statements/combi.ts.Alternative.run_one,value_init_overwritten,0,0,0,0,0
src/abap/2_statements/combi.ts.Alternative.run_one,literal_constructor,0,0,0,0,0
src/abap/2_statements/combi.ts.Alternative.run_one,literal_range_build,0,0,0,0,0
src/abap/2_statements/combi.ts.Alternative.run_one,receiver_copy,0,0,0,0,0
src/abap/2_statements/combi.ts.Alternative.run_one,bool_if,0,0,0,0,0
src/abap/2_statements/combi.ts.Alternative.run_one,return_copy,1,1,0,1,0
src/abap/2_statements/combi.ts.Alternative.run_one,table_read_copy,0,0,0,0,0
src/abap/2_statements/combi.ts.Alternative.run_one,clear_before_write,4,4,0,4,0
src/abap/2_statements/combi.ts.Alternative.run_one,literal_scalar,0,0,0,0,0
src/abap/2_statements/combi.ts.Alternative.run_one,range_bound_assignment,0,0,0,0,0
src/abap/2_statements/combi.ts.AlternativePriority.run,temp_assign,3,1,2,1,2
src/abap/2_statements/combi.ts.AlternativePriority.run,temp_argument,6,0,6,0,6
src/abap/2_statements/combi.ts.AlternativePriority.run,cast_temp,16,3,13,3,13
src/abap/2_statements/combi.ts.AlternativePriority.run,value_init_overwritten,5,0,5,0,5
src/abap/2_statements/combi.ts.AlternativePriority.run,literal_constructor,0,0,0,0,0
src/abap/2_statements/combi.ts.AlternativePriority.run,literal_range_build,0,0,0,0,0
src/abap/2_statements/combi.ts.AlternativePriority.run,receiver_copy,3,0,3,0,3
src/abap/2_statements/combi.ts.AlternativePriority.run,bool_if,2,0,2,0,2
src/abap/2_statements/combi.ts.AlternativePriority.run,return_copy,1,1,0,1,0
src/abap/2_statements/combi.ts.AlternativePriority.run,table_read_copy,1,0,1,0,1
src/abap/2_statements/combi.ts.AlternativePriority.run,clear_before_write,5,2,3,2,3
src/abap/2_statements/combi.ts.AlternativePriority.run,literal_scalar,2,0,2,0,2
src/abap/2_statements/combi.ts.AlternativePriority.run,range_bound_assignment,0,0,0,0,0
src/abap/2_statements/combi.ts.AlternativePriority.run_one,temp_assign,2,2,0,2,0
src/abap/2_statements/combi.ts.AlternativePriority.run_one,temp_argument,0,0,0,0,0
src/abap/2_statements/combi.ts.AlternativePriority.run_one,cast_temp,4,4,0,4,0
src/abap/2_statements/combi.ts.AlternativePriority.run_one,value_init_overwritten,0,0,0,0,0
src/abap/2_statements/combi.ts.AlternativePriority.run_one,literal_constructor,0,0,0,0,0
src/abap/2_statements/combi.ts.AlternativePriority.run_one,literal_range_build,0,0,0,0,0
src/abap/2_statements/combi.ts.AlternativePriority.run_one,receiver_copy,0,0,0,0,0
src/abap/2_statements/combi.ts.AlternativePriority.run_one,bool_if,0,0,0,0,0
src/abap/2_statements/combi.ts.AlternativePriority.run_one,return_copy,1,1,0,1,0
src/abap/2_statements/combi.ts.AlternativePriority.run_one,table_read_copy,0,0,0,0,0
src/abap/2_statements/combi.ts.AlternativePriority.run_one,clear_before_write,4,4,0,4,0
src/abap/2_statements/combi.ts.AlternativePriority.run_one,literal_scalar,0,0,0,0,0
src/abap/2_statements/combi.ts.AlternativePriority.run_one,range_bound_assignment,0,0,0,0,0
src/abap/2_statements/combi.ts.Expression.run,temp_assign,12,3,9,3,9
src/abap/2_statements/combi.ts.Expression.run,temp_argument,4,0,4,0,4
src/abap/2_statements/combi.ts.Expression.run,cast_temp,21,6,15,6,15
src/abap/2_statements/combi.ts.Expression.run,value_init_overwritten,11,0,11,0,11
src/abap/2_statements/combi.ts.Expression.run,literal_constructor,0,0,0,0,0
src/abap/2_statements/combi.ts.Expression.run,literal_range_build,0,0,0,0,0
src/abap/2_statements/combi.ts.Expression.run,receiver_copy,0,0,0,0,0
src/abap/2_statements/combi.ts.Expression.run,bool_if,1,0,1,0,1
src/abap/2_statements/combi.ts.Expression.run,return_copy,1,1,0,1,0
src/abap/2_statements/combi.ts.Expression.run,table_read_copy,0,0,0,0,0
src/abap/2_statements/combi.ts.Expression.run,clear_before_write,14,4,10,4,10
src/abap/2_statements/combi.ts.Expression.run,literal_scalar,2,1,1,1,1
src/abap/2_statements/combi.ts.Expression.run,range_bound_assignment,6,6,0,6,0
src/abap/2_statements/combi.ts.Expression.run_one,temp_assign,13,6,7,6,7
src/abap/2_statements/combi.ts.Expression.run_one,temp_argument,4,1,3,1,3
src/abap/2_statements/combi.ts.Expression.run_one,cast_temp,21,9,12,9,12
src/abap/2_statements/combi.ts.Expression.run_one,value_init_overwritten,11,0,11,0,11
src/abap/2_statements/combi.ts.Expression.run_one,literal_constructor,0,0,0,0,0
src/abap/2_statements/combi.ts.Expression.run_one,literal_range_build,0,0,0,0,0
src/abap/2_statements/combi.ts.Expression.run_one,receiver_copy,0,0,0,0,0
src/abap/2_statements/combi.ts.Expression.run_one,bool_if,1,0,1,0,1
src/abap/2_statements/combi.ts.Expression.run_one,return_copy,1,1,0,1,0
src/abap/2_statements/combi.ts.Expression.run_one,table_read_copy,0,0,0,0,0
src/abap/2_statements/combi.ts.Expression.run_one,clear_before_write,15,8,7,8,7
src/abap/2_statements/combi.ts.Expression.run_one,literal_scalar,2,1,1,1,1
src/abap/2_statements/combi.ts.Expression.run_one,range_bound_assignment,6,6,0,6,0
src/abap/2_statements/combi.ts.Optional.run,temp_assign,3,1,2,1,2
src/abap/2_statements/combi.ts.Optional.run,temp_argument,4,0,4,0,4
src/abap/2_statements/combi.ts.Optional.run,cast_temp,16,3,13,3,13
src/abap/2_statements/combi.ts.Optional.run,value_init_overwritten,3,0,3,0,3
src/abap/2_statements/combi.ts.Optional.run,literal_constructor,0,0,0,0,0
src/abap/2_statements/combi.ts.Optional.run,literal_range_build,0,0,0,0,0
src/abap/2_statements/combi.ts.Optional.run,receiver_copy,2,0,2,0,2
src/abap/2_statements/combi.ts.Optional.run,bool_if,1,0,1,0,1
src/abap/2_statements/combi.ts.Optional.run,return_copy,1,1,0,1,0
src/abap/2_statements/combi.ts.Optional.run,table_read_copy,1,0,1,0,1
src/abap/2_statements/combi.ts.Optional.run,clear_before_write,5,2,3,2,3
src/abap/2_statements/combi.ts.Optional.run,literal_scalar,1,0,1,0,1
src/abap/2_statements/combi.ts.Optional.run,range_bound_assignment,0,0,0,0,0
src/abap/2_statements/combi.ts.Optional.run_one,temp_assign,4,4,0,4,0
src/abap/2_statements/combi.ts.Optional.run_one,temp_argument,4,4,0,4,0
src/abap/2_statements/combi.ts.Optional.run_one,cast_temp,16,13,3,13,3
src/abap/2_statements/combi.ts.Optional.run_one,value_init_overwritten,3,3,0,3,0
src/abap/2_statements/combi.ts.Optional.run_one,literal_constructor,0,0,0,0,0
src/abap/2_statements/combi.ts.Optional.run_one,literal_range_build,0,0,0,0,0
src/abap/2_statements/combi.ts.Optional.run_one,receiver_copy,2,2,0,2,0
src/abap/2_statements/combi.ts.Optional.run_one,bool_if,1,1,0,1,0
src/abap/2_statements/combi.ts.Optional.run_one,return_copy,1,1,0,1,0
src/abap/2_statements/combi.ts.Optional.run_one,table_read_copy,1,1,0,1,0
src/abap/2_statements/combi.ts.Optional.run_one,clear_before_write,6,6,0,6,0
src/abap/2_statements/combi.ts.Optional.run_one,literal_scalar,1,1,0,1,0
src/abap/2_statements/combi.ts.Optional.run_one,range_bound_assignment,0,0,0,0,0
src/abap/2_statements/combi.ts.Permutation.run,temp_assign,9,3,6,3,6
src/abap/2_statements/combi.ts.Permutation.run,temp_argument,14,1,13,1,13
src/abap/2_statements/combi.ts.Permutation.run,cast_temp,29,3,26,3,26
src/abap/2_statements/combi.ts.Permutation.run,value_init_overwritten,11,1,10,1,10
src/abap/2_statements/combi.ts.Permutation.run,literal_constructor,0,0,0,0,0
src/abap/2_statements/combi.ts.Permutation.run,literal_range_build,0,0,0,0,0
src/abap/2_statements/combi.ts.Permutation.run,receiver_copy,7,1,6,1,6
src/abap/2_statements/combi.ts.Permutation.run,bool_if,2,0,2,0,2
src/abap/2_statements/combi.ts.Permutation.run,return_copy,1,1,0,1,0
src/abap/2_statements/combi.ts.Permutation.run,table_read_copy,2,0,2,0,2
src/abap/2_statements/combi.ts.Permutation.run,clear_before_write,13,4,9,4,9
src/abap/2_statements/combi.ts.Permutation.run,literal_scalar,5,1,4,1,4
src/abap/2_statements/combi.ts.Permutation.run,range_bound_assignment,0,0,0,0,0
src/abap/2_statements/combi.ts.Permutation.run_one,temp_assign,2,2,0,2,0
src/abap/2_statements/combi.ts.Permutation.run_one,temp_argument,0,0,0,0,0
src/abap/2_statements/combi.ts.Permutation.run_one,cast_temp,4,4,0,4,0
src/abap/2_statements/combi.ts.Permutation.run_one,value_init_overwritten,0,0,0,0,0
src/abap/2_statements/combi.ts.Permutation.run_one,literal_constructor,0,0,0,0,0
src/abap/2_statements/combi.ts.Permutation.run_one,literal_range_build,0,0,0,0,0
src/abap/2_statements/combi.ts.Permutation.run_one,receiver_copy,0,0,0,0,0
src/abap/2_statements/combi.ts.Permutation.run_one,bool_if,0,0,0,0,0
src/abap/2_statements/combi.ts.Permutation.run_one,return_copy,1,1,0,1,0
src/abap/2_statements/combi.ts.Permutation.run_one,table_read_copy,0,0,0,0,0
src/abap/2_statements/combi.ts.Permutation.run_one,clear_before_write,4,4,0,4,0
src/abap/2_statements/combi.ts.Permutation.run_one,literal_scalar,0,0,0,0,0
src/abap/2_statements/combi.ts.Permutation.run_one,range_bound_assignment,0,0,0,0,0
src/abap/2_statements/combi.ts.Plus.run,temp_assign,1,1,0,1,0
src/abap/2_statements/combi.ts.Plus.run,temp_argument,1,1,0,1,0
src/abap/2_statements/combi.ts.Plus.run,cast_temp,3,3,0,3,0
src/abap/2_statements/combi.ts.Plus.run,value_init_overwritten,0,0,0,0,0
src/abap/2_statements/combi.ts.Plus.run,literal_constructor,0,0,0,0,0
src/abap/2_statements/combi.ts.Plus.run,literal_range_build,0,0,0,0,0
src/abap/2_statements/combi.ts.Plus.run,receiver_copy,0,0,0,0,0
src/abap/2_statements/combi.ts.Plus.run,bool_if,0,0,0,0,0
src/abap/2_statements/combi.ts.Plus.run,return_copy,1,1,0,1,0
src/abap/2_statements/combi.ts.Plus.run,table_read_copy,0,0,0,0,0
src/abap/2_statements/combi.ts.Plus.run,clear_before_write,1,1,0,1,0
src/abap/2_statements/combi.ts.Plus.run,literal_scalar,0,0,0,0,0
src/abap/2_statements/combi.ts.Plus.run,range_bound_assignment,0,0,0,0,0
src/abap/2_statements/combi.ts.Plus.run_one,temp_assign,4,4,0,4,0
src/abap/2_statements/combi.ts.Plus.run_one,temp_argument,1,1,0,1,0
src/abap/2_statements/combi.ts.Plus.run_one,cast_temp,6,6,0,6,0
src/abap/2_statements/combi.ts.Plus.run_one,value_init_overwritten,0,0,0,0,0
src/abap/2_statements/combi.ts.Plus.run_one,literal_constructor,0,0,0,0,0
src/abap/2_statements/combi.ts.Plus.run_one,literal_range_build,0,0,0,0,0
src/abap/2_statements/combi.ts.Plus.run_one,receiver_copy,0,0,0,0,0
src/abap/2_statements/combi.ts.Plus.run_one,bool_if,0,0,0,0,0
src/abap/2_statements/combi.ts.Plus.run_one,return_copy,1,1,0,1,0
src/abap/2_statements/combi.ts.Plus.run_one,table_read_copy,0,0,0,0,0
src/abap/2_statements/combi.ts.Plus.run_one,clear_before_write,6,6,0,6,0
src/abap/2_statements/combi.ts.Plus.run_one,literal_scalar,0,0,0,0,0
src/abap/2_statements/combi.ts.Plus.run_one,range_bound_assignment,0,0,0,0,0
src/abap/2_statements/combi.ts.Regex.run,temp_assign,13,1,12,1,12
src/abap/2_statements/combi.ts.Regex.run,temp_argument,3,0,3,0,3
src/abap/2_statements/combi.ts.Regex.run,cast_temp,21,3,18,3,18
src/abap/2_statements/combi.ts.Regex.run,value_init_overwritten,15,0,15,0,15
src/abap/2_statements/combi.ts.Regex.run,literal_constructor,0,0,0,0,0
src/abap/2_statements/combi.ts.Regex.run,literal_range_build,0,0,0,0,0
src/abap/2_statements/combi.ts.Regex.run,receiver_copy,0,0,0,0,0
src/abap/2_statements/combi.ts.Regex.run,bool_if,2,0,2,0,2
src/abap/2_statements/combi.ts.Regex.run,return_copy,1,1,0,1,0
src/abap/2_statements/combi.ts.Regex.run,table_read_copy,1,0,1,0,1
src/abap/2_statements/combi.ts.Regex.run,clear_before_write,16,2,14,2,14
src/abap/2_statements/combi.ts.Regex.run,literal_scalar,5,0,5,0,5
src/abap/2_statements/combi.ts.Regex.run,range_bound_assignment,6,6,0,6,0
src/abap/2_statements/combi.ts.Regex.run_one,temp_assign,2,2,0,2,0
src/abap/2_statements/combi.ts.Regex.run_one,temp_argument,0,0,0,0,0
src/abap/2_statements/combi.ts.Regex.run_one,cast_temp,4,4,0,4,0
src/abap/2_statements/combi.ts.Regex.run_one,value_init_overwritten,0,0,0,0,0
src/abap/2_statements/combi.ts.Regex.run_one,literal_constructor,0,0,0,0,0
src/abap/2_statements/combi.ts.Regex.run_one,literal_range_build,0,0,0,0,0
src/abap/2_statements/combi.ts.Regex.run_one,receiver_copy,0,0,0,0,0
src/abap/2_statements/combi.ts.Regex.run_one,bool_if,0,0,0,0,0
src/abap/2_statements/combi.ts.Regex.run_one,return_copy,1,1,0,1,0
src/abap/2_statements/combi.ts.Regex.run_one,table_read_copy,0,0,0,0,0
src/abap/2_statements/combi.ts.Regex.run_one,clear_before_write,4,4,0,4,0
src/abap/2_statements/combi.ts.Regex.run_one,literal_scalar,0,0,0,0,0
src/abap/2_statements/combi.ts.Regex.run_one,range_bound_assignment,0,0,0,0,0
src/abap/2_statements/combi.ts.Sequence.run,temp_assign,8,1,7,1,7
src/abap/2_statements/combi.ts.Sequence.run,temp_argument,10,0,10,0,10
src/abap/2_statements/combi.ts.Sequence.run,cast_temp,24,3,21,3,21
src/abap/2_statements/combi.ts.Sequence.run,value_init_overwritten,9,0,9,0,9
src/abap/2_statements/combi.ts.Sequence.run,literal_constructor,0,0,0,0,0
src/abap/2_statements/combi.ts.Sequence.run,literal_range_build,0,0,0,0,0
src/abap/2_statements/combi.ts.Sequence.run,receiver_copy,4,0,4,0,4
src/abap/2_statements/combi.ts.Sequence.run,bool_if,4,0,4,0,4
src/abap/2_statements/combi.ts.Sequence.run,return_copy,1,1,0,1,0
src/abap/2_statements/combi.ts.Sequence.run,table_read_copy,1,0,1,0,1
src/abap/2_statements/combi.ts.Sequence.run,clear_before_write,9,2,7,2,7
src/abap/2_statements/combi.ts.Sequence.run,literal_scalar,6,0,6,0,6
src/abap/2_statements/combi.ts.Sequence.run,range_bound_assignment,0,0,0,0,0
src/abap/2_statements/combi.ts.Sequence.run_one,temp_assign,9,7,2,7,2
src/abap/2_statements/combi.ts.Sequence.run_one,temp_argument,10,7,3,7,3
src/abap/2_statements/combi.ts.Sequence.run_one,cast_temp,23,16,7,16,7
src/abap/2_statements/combi.ts.Sequence.run_one,value_init_overwritten,9,7,2,7,2
src/abap/2_statements/combi.ts.Sequence.run_one,literal_constructor,0,0,0,0,0
src/abap/2_statements/combi.ts.Sequence.run_one,literal_range_build,0,0,0,0,0
src/abap/2_statements/combi.ts.Sequence.run_one,receiver_copy,4,3,1,3,1
src/abap/2_statements/combi.ts.Sequence.run_one,bool_if,4,3,1,3,1
src/abap/2_statements/combi.ts.Sequence.run_one,return_copy,1,1,0,1,0
src/abap/2_statements/combi.ts.Sequence.run_one,table_read_copy,1,1,0,1,0
src/abap/2_statements/combi.ts.Sequence.run_one,clear_before_write,10,9,1,9,1
src/abap/2_statements/combi.ts.Sequence.run_one,literal_scalar,6,4,2,4,2
src/abap/2_statements/combi.ts.Sequence.run_one,range_bound_assignment,0,0,0,0,0
src/abap/2_statements/combi.ts.Star.run,temp_assign,8,4,4,4,4
src/abap/2_statements/combi.ts.Star.run,temp_argument,9,0,9,0,9
src/abap/2_statements/combi.ts.Star.run,cast_temp,21,5,16,5,16
src/abap/2_statements/combi.ts.Star.run,value_init_overwritten,8,1,7,1,7
src/abap/2_statements/combi.ts.Star.run,literal_constructor,0,0,0,0,0
src/abap/2_statements/combi.ts.Star.run,literal_range_build,0,0,0,0,0
src/abap/2_statements/combi.ts.Star.run,receiver_copy,4,0,4,0,4
src/abap/2_statements/combi.ts.Star.run,bool_if,4,1,3,1,3
src/abap/2_statements/combi.ts.Star.run,return_copy,2,2,0,2,0
src/abap/2_statements/combi.ts.Star.run,table_read_copy,1,0,1,0,1
src/abap/2_statements/combi.ts.Star.run,clear_before_write,8,5,3,5,3
src/abap/2_statements/combi.ts.Star.run,literal_scalar,4,0,4,0,4
src/abap/2_statements/combi.ts.Star.run,range_bound_assignment,0,0,0,0,0
src/abap/2_statements/combi.ts.Star.run_one,temp_assign,2,2,0,2,0
src/abap/2_statements/combi.ts.Star.run_one,temp_argument,0,0,0,0,0
src/abap/2_statements/combi.ts.Star.run_one,cast_temp,4,4,0,4,0
src/abap/2_statements/combi.ts.Star.run_one,value_init_overwritten,0,0,0,0,0
src/abap/2_statements/combi.ts.Star.run_one,literal_constructor,0,0,0,0,0
src/abap/2_statements/combi.ts.Star.run_one,literal_range_build,0,0,0,0,0
src/abap/2_statements/combi.ts.Star.run_one,receiver_copy,0,0,0,0,0
src/abap/2_statements/combi.ts.Star.run_one,bool_if,0,0,0,0,0
src/abap/2_statements/combi.ts.Star.run_one,return_copy,1,1,0,1,0
src/abap/2_statements/combi.ts.Star.run_one,table_read_copy,0,0,0,0,0
src/abap/2_statements/combi.ts.Star.run_one,clear_before_write,4,4,0,4,0
src/abap/2_statements/combi.ts.Star.run_one,literal_scalar,0,0,0,0,0
src/abap/2_statements/combi.ts.Star.run_one,range_bound_assignment,0,0,0,0,0
src/abap/2_statements/combi.ts.Token.run,temp_assign,12,1,11,1,11
src/abap/2_statements/combi.ts.Token.run,temp_argument,2,0,2,0,2
src/abap/2_statements/combi.ts.Token.run,cast_temp,22,3,19,3,19
src/abap/2_statements/combi.ts.Token.run,value_init_overwritten,13,0,13,0,13
src/abap/2_statements/combi.ts.Token.run,literal_constructor,0,0,0,0,0
src/abap/2_statements/combi.ts.Token.run,literal_range_build,0,0,0,0,0
src/abap/2_statements/combi.ts.Token.run,receiver_copy,0,0,0,0,0
src/abap/2_statements/combi.ts.Token.run,bool_if,0,0,0,0,0
src/abap/2_statements/combi.ts.Token.run,return_copy,1,1,0,1,0
src/abap/2_statements/combi.ts.Token.run,table_read_copy,2,0,2,0,2
src/abap/2_statements/combi.ts.Token.run,clear_before_write,19,2,17,2,17
src/abap/2_statements/combi.ts.Token.run,literal_scalar,4,0,4,0,4
src/abap/2_statements/combi.ts.Token.run,range_bound_assignment,6,6,0,6,0
src/abap/2_statements/combi.ts.Token.run_one,temp_assign,13,13,0,13,0
src/abap/2_statements/combi.ts.Token.run_one,temp_argument,2,2,0,2,0
src/abap/2_statements/combi.ts.Token.run_one,cast_temp,22,22,0,22,0
src/abap/2_statements/combi.ts.Token.run_one,value_init_overwritten,13,13,0,13,0
src/abap/2_statements/combi.ts.Token.run_one,literal_constructor,0,0,0,0,0
src/abap/2_statements/combi.ts.Token.run_one,literal_range_build,0,0,0,0,0
src/abap/2_statements/combi.ts.Token.run_one,receiver_copy,0,0,0,0,0
src/abap/2_statements/combi.ts.Token.run_one,bool_if,0,0,0,0,0
src/abap/2_statements/combi.ts.Token.run_one,return_copy,1,1,0,1,0
src/abap/2_statements/combi.ts.Token.run_one,table_read_copy,2,2,0,2,0
src/abap/2_statements/combi.ts.Token.run_one,clear_before_write,20,20,0,20,0
src/abap/2_statements/combi.ts.Token.run_one,literal_scalar,4,4,0,4,0
src/abap/2_statements/combi.ts.Token.run_one,range_bound_assignment,6,6,0,6,0
src/abap/2_statements/combi.ts.Word.run,temp_assign,14,1,13,1,13
src/abap/2_statements/combi.ts.Word.run,temp_argument,2,0,2,0,2
src/abap/2_statements/combi.ts.Word.run,cast_temp,22,3,19,3,19
src/abap/2_statements/combi.ts.Word.run,value_init_overwritten,15,0,15,0,15
src/abap/2_statements/combi.ts.Word.run,literal_constructor,0,0,0,0,0
src/abap/2_statements/combi.ts.Word.run,literal_range_build,0,0,0,0,0
src/abap/2_statements/combi.ts.Word.run,receiver_copy,0,0,0,0,0
src/abap/2_statements/combi.ts.Word.run,bool_if,0,0,0,0,0
src/abap/2_statements/combi.ts.Word.run,return_copy,1,1,0,1,0
src/abap/2_statements/combi.ts.Word.run,table_read_copy,2,0,2,0,2
src/abap/2_statements/combi.ts.Word.run,clear_before_write,19,2,17,2,17
src/abap/2_statements/combi.ts.Word.run,literal_scalar,4,0,4,0,4
src/abap/2_statements/combi.ts.Word.run,range_bound_assignment,6,6,0,6,0
src/abap/2_statements/combi.ts.Word.run_one,temp_assign,15,15,0,15,0
src/abap/2_statements/combi.ts.Word.run_one,temp_argument,2,2,0,2,0
src/abap/2_statements/combi.ts.Word.run_one,cast_temp,22,22,0,22,0
src/abap/2_statements/combi.ts.Word.run_one,value_init_overwritten,15,15,0,15,0
src/abap/2_statements/combi.ts.Word.run_one,literal_constructor,0,0,0,0,0
src/abap/2_statements/combi.ts.Word.run_one,literal_range_build,0,0,0,0,0
src/abap/2_statements/combi.ts.Word.run_one,receiver_copy,0,0,0,0,0
src/abap/2_statements/combi.ts.Word.run_one,bool_if,0,0,0,0,0
src/abap/2_statements/combi.ts.Word.run_one,return_copy,1,1,0,1,0
src/abap/2_statements/combi.ts.Word.run_one,table_read_copy,2,2,0,2,0
src/abap/2_statements/combi.ts.Word.run_one,clear_before_write,20,20,0,20,0
src/abap/2_statements/combi.ts.Word.run_one,literal_scalar,4,4,0,4,0
src/abap/2_statements/combi.ts.Word.run_one,range_bound_assignment,6,6,0,6,0
src/abap/2_statements/result.ts.Result.constructor,temp_assign,4,4,0,4,0
src/abap/2_statements/result.ts.Result.constructor,temp_argument,0,0,0,0,0
src/abap/2_statements/result.ts.Result.constructor,cast_temp,5,5,0,5,0
src/abap/2_statements/result.ts.Result.constructor,value_init_overwritten,0,0,0,0,0
src/abap/2_statements/result.ts.Result.constructor,literal_constructor,0,0,0,0,0
src/abap/2_statements/result.ts.Result.constructor,literal_range_build,0,0,0,0,0
src/abap/2_statements/result.ts.Result.constructor,receiver_copy,0,0,0,0,0
src/abap/2_statements/result.ts.Result.constructor,bool_if,0,0,0,0,0
src/abap/2_statements/result.ts.Result.constructor,return_copy,0,0,0,0,0
src/abap/2_statements/result.ts.Result.constructor,table_read_copy,0,0,0,0,0
src/abap/2_statements/result.ts.Result.constructor,clear_before_write,3,3,0,3,0
src/abap/2_statements/result.ts.Result.constructor,literal_scalar,1,1,0,1,0
src/abap/2_statements/result.ts.Result.constructor,range_bound_assignment,2,2,0,2,0
src/abap/2_statements/result.ts.Result.fromChain,temp_assign,2,2,0,2,0
src/abap/2_statements/result.ts.Result.fromChain,temp_argument,0,0,0,0,0
src/abap/2_statements/result.ts.Result.fromChain,cast_temp,7,7,0,7,0
src/abap/2_statements/result.ts.Result.fromChain,value_init_overwritten,0,0,0,0,0
src/abap/2_statements/result.ts.Result.fromChain,literal_constructor,0,0,0,0,0
src/abap/2_statements/result.ts.Result.fromChain,literal_range_build,0,0,0,0,0
src/abap/2_statements/result.ts.Result.fromChain,receiver_copy,0,0,0,0,0
src/abap/2_statements/result.ts.Result.fromChain,bool_if,0,0,0,0,0
src/abap/2_statements/result.ts.Result.fromChain,return_copy,1,1,0,1,0
src/abap/2_statements/result.ts.Result.fromChain,table_read_copy,0,0,0,0,0
src/abap/2_statements/result.ts.Result.fromChain,clear_before_write,2,2,0,2,0
src/abap/2_statements/result.ts.Result.fromChain,literal_scalar,0,0,0,0,0
src/abap/2_statements/result.ts.Result.fromChain,range_bound_assignment,0,0,0,0,0
src/abap/2_statements/result.ts.Result.getNodes,temp_assign,6,2,4,2,4
src/abap/2_statements/result.ts.Result.getNodes,temp_argument,1,0,1,0,1
src/abap/2_statements/result.ts.Result.getNodes,cast_temp,6,2,4,2,4
src/abap/2_statements/result.ts.Result.getNodes,value_init_overwritten,3,1,2,1,2
src/abap/2_statements/result.ts.Result.getNodes,literal_constructor,0,0,0,0,0
src/abap/2_statements/result.ts.Result.getNodes,literal_range_build,0,0,0,0,0
src/abap/2_statements/result.ts.Result.getNodes,receiver_copy,0,0,0,0,0
src/abap/2_statements/result.ts.Result.getNodes,bool_if,0,0,0,0,0
src/abap/2_statements/result.ts.Result.getNodes,return_copy,1,1,0,1,0
src/abap/2_statements/result.ts.Result.getNodes,table_read_copy,0,0,0,0,0
src/abap/2_statements/result.ts.Result.getNodes,clear_before_write,8,2,6,2,6
src/abap/2_statements/result.ts.Result.getNodes,literal_scalar,3,1,2,1,2
src/abap/2_statements/result.ts.Result.getNodes,range_bound_assignment,8,8,0,8,0
src/abap/2_statements/result.ts.Result.getTokenIndex,temp_assign,0,0,0,0,0
src/abap/2_statements/result.ts.Result.getTokenIndex,temp_argument,0,0,0,0,0
src/abap/2_statements/result.ts.Result.getTokenIndex,cast_temp,0,0,0,0,0
src/abap/2_statements/result.ts.Result.getTokenIndex,value_init_overwritten,0,0,0,0,0
src/abap/2_statements/result.ts.Result.getTokenIndex,literal_constructor,0,0,0,0,0
src/abap/2_statements/result.ts.Result.getTokenIndex,literal_range_build,0,0,0,0,0
src/abap/2_statements/result.ts.Result.getTokenIndex,receiver_copy,0,0,0,0,0
src/abap/2_statements/result.ts.Result.getTokenIndex,bool_if,0,0,0,0,0
src/abap/2_statements/result.ts.Result.getTokenIndex,return_copy,0,0,0,0,0
src/abap/2_statements/result.ts.Result.getTokenIndex,table_read_copy,0,0,0,0,0
src/abap/2_statements/result.ts.Result.getTokenIndex,clear_before_write,0,0,0,0,0
src/abap/2_statements/result.ts.Result.getTokenIndex,literal_scalar,1,1,0,1,0
src/abap/2_statements/result.ts.Result.getTokenIndex,range_bound_assignment,0,0,0,0,0
src/abap/2_statements/result.ts.Result.getTokens,temp_assign,0,0,0,0,0
src/abap/2_statements/result.ts.Result.getTokens,temp_argument,0,0,0,0,0
src/abap/2_statements/result.ts.Result.getTokens,cast_temp,0,0,0,0,0
src/abap/2_statements/result.ts.Result.getTokens,value_init_overwritten,0,0,0,0,0
src/abap/2_statements/result.ts.Result.getTokens,literal_constructor,0,0,0,0,0
src/abap/2_statements/result.ts.Result.getTokens,literal_range_build,0,0,0,0,0
src/abap/2_statements/result.ts.Result.getTokens,receiver_copy,0,0,0,0,0
src/abap/2_statements/result.ts.Result.getTokens,bool_if,0,0,0,0,0
src/abap/2_statements/result.ts.Result.getTokens,return_copy,0,0,0,0,0
src/abap/2_statements/result.ts.Result.getTokens,table_read_copy,0,0,0,0,0
src/abap/2_statements/result.ts.Result.getTokens,clear_before_write,0,0,0,0,0
src/abap/2_statements/result.ts.Result.getTokens,literal_scalar,1,1,0,1,0
src/abap/2_statements/result.ts.Result.getTokens,range_bound_assignment,0,0,0,0,0
src/abap/2_statements/result.ts.Result.peek,temp_assign,0,0,0,0,0
src/abap/2_statements/result.ts.Result.peek,temp_argument,0,0,0,0,0
src/abap/2_statements/result.ts.Result.peek,cast_temp,2,2,0,2,0
src/abap/2_statements/result.ts.Result.peek,value_init_overwritten,0,0,0,0,0
src/abap/2_statements/result.ts.Result.peek,literal_constructor,0,0,0,0,0
src/abap/2_statements/result.ts.Result.peek,literal_range_build,0,0,0,0,0
src/abap/2_statements/result.ts.Result.peek,receiver_copy,0,0,0,0,0
src/abap/2_statements/result.ts.Result.peek,bool_if,0,0,0,0,0
src/abap/2_statements/result.ts.Result.peek,return_copy,0,0,0,0,0
src/abap/2_statements/result.ts.Result.peek,table_read_copy,1,1,0,1,0
src/abap/2_statements/result.ts.Result.peek,clear_before_write,1,1,0,1,0
src/abap/2_statements/result.ts.Result.peek,literal_scalar,0,0,0,0,0
src/abap/2_statements/result.ts.Result.peek,range_bound_assignment,0,0,0,0,0
src/abap/2_statements/result.ts.Result.peekAt,temp_assign,1,1,0,1,0
src/abap/2_statements/result.ts.Result.peekAt,temp_argument,0,0,0,0,0
src/abap/2_statements/result.ts.Result.peekAt,cast_temp,2,2,0,2,0
src/abap/2_statements/result.ts.Result.peekAt,value_init_overwritten,2,2,0,2,0
src/abap/2_statements/result.ts.Result.peekAt,literal_constructor,0,0,0,0,0
src/abap/2_statements/result.ts.Result.peekAt,literal_range_build,0,0,0,0,0
src/abap/2_statements/result.ts.Result.peekAt,receiver_copy,0,0,0,0,0
src/abap/2_statements/result.ts.Result.peekAt,bool_if,0,0,0,0,0
src/abap/2_statements/result.ts.Result.peekAt,return_copy,0,0,0,0,0
src/abap/2_statements/result.ts.Result.peekAt,table_read_copy,1,1,0,1,0
src/abap/2_statements/result.ts.Result.peekAt,clear_before_write,0,0,0,0,0
src/abap/2_statements/result.ts.Result.peekAt,literal_scalar,1,1,0,1,0
src/abap/2_statements/result.ts.Result.peekAt,range_bound_assignment,8,8,0,8,0
src/abap/2_statements/result.ts.Result.popNode,temp_assign,0,0,0,0,0
src/abap/2_statements/result.ts.Result.popNode,temp_argument,0,0,0,0,0
src/abap/2_statements/result.ts.Result.popNode,cast_temp,0,0,0,0,0
src/abap/2_statements/result.ts.Result.popNode,value_init_overwritten,0,0,0,0,0
src/abap/2_statements/result.ts.Result.popNode,literal_constructor,0,0,0,0,0
src/abap/2_statements/result.ts.Result.popNode,literal_range_build,0,0,0,0,0
src/abap/2_statements/result.ts.Result.popNode,receiver_copy,0,0,0,0,0
src/abap/2_statements/result.ts.Result.popNode,bool_if,0,0,0,0,0
src/abap/2_statements/result.ts.Result.popNode,return_copy,0,0,0,0,0
src/abap/2_statements/result.ts.Result.popNode,table_read_copy,0,0,0,0,0
src/abap/2_statements/result.ts.Result.popNode,clear_before_write,0,0,0,0,0
src/abap/2_statements/result.ts.Result.popNode,literal_scalar,1,1,0,1,0
src/abap/2_statements/result.ts.Result.popNode,range_bound_assignment,0,0,0,0,0
src/abap/2_statements/result.ts.Result.remainingLength,temp_assign,2,2,0,2,0
src/abap/2_statements/result.ts.Result.remainingLength,temp_argument,1,1,0,1,0
src/abap/2_statements/result.ts.Result.remainingLength,cast_temp,1,1,0,1,0
src/abap/2_statements/result.ts.Result.remainingLength,value_init_overwritten,4,4,0,4,0
src/abap/2_statements/result.ts.Result.remainingLength,literal_constructor,0,0,0,0,0
src/abap/2_statements/result.ts.Result.remainingLength,literal_range_build,0,0,0,0,0
src/abap/2_statements/result.ts.Result.remainingLength,receiver_copy,1,1,0,1,0
src/abap/2_statements/result.ts.Result.remainingLength,bool_if,0,0,0,0,0
src/abap/2_statements/result.ts.Result.remainingLength,return_copy,0,0,0,0,0
src/abap/2_statements/result.ts.Result.remainingLength,table_read_copy,0,0,0,0,0
src/abap/2_statements/result.ts.Result.remainingLength,clear_before_write,0,0,0,0,0
src/abap/2_statements/result.ts.Result.remainingLength,literal_scalar,0,0,0,0,0
src/abap/2_statements/result.ts.Result.remainingLength,range_bound_assignment,6,6,0,6,0
src/abap/2_statements/result.ts.Result.setNodes,temp_assign,0,0,0,0,0
src/abap/2_statements/result.ts.Result.setNodes,temp_argument,0,0,0,0,0
src/abap/2_statements/result.ts.Result.setNodes,cast_temp,0,0,0,0,0
src/abap/2_statements/result.ts.Result.setNodes,value_init_overwritten,0,0,0,0,0
src/abap/2_statements/result.ts.Result.setNodes,literal_constructor,0,0,0,0,0
src/abap/2_statements/result.ts.Result.setNodes,literal_range_build,0,0,0,0,0
src/abap/2_statements/result.ts.Result.setNodes,receiver_copy,0,0,0,0,0
src/abap/2_statements/result.ts.Result.setNodes,bool_if,0,0,0,0,0
src/abap/2_statements/result.ts.Result.setNodes,return_copy,0,0,0,0,0
src/abap/2_statements/result.ts.Result.setNodes,table_read_copy,0,0,0,0,0
src/abap/2_statements/result.ts.Result.setNodes,clear_before_write,0,0,0,0,0
src/abap/2_statements/result.ts.Result.setNodes,literal_scalar,1,1,0,1,0
src/abap/2_statements/result.ts.Result.setNodes,range_bound_assignment,0,0,0,0,0
src/abap/2_statements/result.ts.Result.shift,temp_assign,3,3,0,3,0
src/abap/2_statements/result.ts.Result.shift,temp_argument,1,1,0,1,0
src/abap/2_statements/result.ts.Result.shift,cast_temp,4,4,0,4,0
src/abap/2_statements/result.ts.Result.shift,value_init_overwritten,3,3,0,3,0
src/abap/2_statements/result.ts.Result.shift,literal_constructor,0,0,0,0,0
src/abap/2_statements/result.ts.Result.shift,literal_range_build,0,0,0,0,0
src/abap/2_statements/result.ts.Result.shift,receiver_copy,0,0,0,0,0
src/abap/2_statements/result.ts.Result.shift,bool_if,0,0,0,0,0
src/abap/2_statements/result.ts.Result.shift,return_copy,1,1,0,1,0
src/abap/2_statements/result.ts.Result.shift,table_read_copy,0,0,0,0,0
src/abap/2_statements/result.ts.Result.shift,clear_before_write,1,1,0,1,0
src/abap/2_statements/result.ts.Result.shift,literal_scalar,3,3,0,3,0
src/abap/2_statements/result.ts.Result.shift,range_bound_assignment,6,6,0,6,0
src/abap/2_statements/result.ts.Result.wrapConsumed,temp_assign,9,4,5,4,5
src/abap/2_statements/result.ts.Result.wrapConsumed,temp_argument,3,2,1,2,1
src/abap/2_statements/result.ts.Result.wrapConsumed,cast_temp,12,6,6,6,6
src/abap/2_statements/result.ts.Result.wrapConsumed,value_init_overwritten,6,2,4,2,4
src/abap/2_statements/result.ts.Result.wrapConsumed,literal_constructor,0,0,0,0,0
src/abap/2_statements/result.ts.Result.wrapConsumed,literal_range_build,0,0,0,0,0
src/abap/2_statements/result.ts.Result.wrapConsumed,receiver_copy,1,1,0,1,0
src/abap/2_statements/result.ts.Result.wrapConsumed,bool_if,0,0,0,0,0
src/abap/2_statements/result.ts.Result.wrapConsumed,return_copy,1,1,0,1,0
src/abap/2_statements/result.ts.Result.wrapConsumed,table_read_copy,0,0,0,0,0
src/abap/2_statements/result.ts.Result.wrapConsumed,clear_before_write,14,6,8,6,8
src/abap/2_statements/result.ts.Result.wrapConsumed,literal_scalar,4,2,2,2,2
src/abap/2_statements/result.ts.Result.wrapConsumed,range_bound_assignment,6,6,0,6,0
src/abap/2_statements/statement_parser.ts.StatementParser.buildSplits,temp_assign,20,6,14,6,14
src/abap/2_statements/statement_parser.ts.StatementParser.buildSplits,temp_argument,5,0,5,0,5
src/abap/2_statements/statement_parser.ts.StatementParser.buildSplits,cast_temp,24,5,19,5,19
src/abap/2_statements/statement_parser.ts.StatementParser.buildSplits,value_init_overwritten,15,5,10,5,10
src/abap/2_statements/statement_parser.ts.StatementParser.buildSplits,literal_constructor,0,0,0,0,0
src/abap/2_statements/statement_parser.ts.StatementParser.buildSplits,literal_range_build,0,0,0,0,0
src/abap/2_statements/statement_parser.ts.StatementParser.buildSplits,receiver_copy,1,0,1,0,1
src/abap/2_statements/statement_parser.ts.StatementParser.buildSplits,bool_if,1,0,1,0,1
src/abap/2_statements/statement_parser.ts.StatementParser.buildSplits,return_copy,1,1,0,1,0
src/abap/2_statements/statement_parser.ts.StatementParser.buildSplits,table_read_copy,4,1,3,1,3
src/abap/2_statements/statement_parser.ts.StatementParser.buildSplits,clear_before_write,28,8,20,8,20
src/abap/2_statements/statement_parser.ts.StatementParser.buildSplits,literal_scalar,4,1,3,1,3
src/abap/2_statements/statement_parser.ts.StatementParser.buildSplits,range_bound_assignment,0,0,0,0,0
src/abap/2_statements/statement_parser.ts.StatementParser.categorize,temp_assign,0,0,0,0,0
src/abap/2_statements/statement_parser.ts.StatementParser.categorize,temp_argument,1,0,1,0,1
src/abap/2_statements/statement_parser.ts.StatementParser.categorize,cast_temp,6,3,3,3,3
src/abap/2_statements/statement_parser.ts.StatementParser.categorize,value_init_overwritten,0,0,0,0,0
src/abap/2_statements/statement_parser.ts.StatementParser.categorize,literal_constructor,0,0,0,0,0
src/abap/2_statements/statement_parser.ts.StatementParser.categorize,literal_range_build,0,0,0,0,0
src/abap/2_statements/statement_parser.ts.StatementParser.categorize,receiver_copy,0,0,0,0,0
src/abap/2_statements/statement_parser.ts.StatementParser.categorize,bool_if,0,0,0,0,0
src/abap/2_statements/statement_parser.ts.StatementParser.categorize,return_copy,0,0,0,0,0
src/abap/2_statements/statement_parser.ts.StatementParser.categorize,table_read_copy,0,0,0,0,0
src/abap/2_statements/statement_parser.ts.StatementParser.categorize,clear_before_write,4,3,1,3,1
src/abap/2_statements/statement_parser.ts.StatementParser.categorize,literal_scalar,0,0,0,0,0
src/abap/2_statements/statement_parser.ts.StatementParser.categorize,range_bound_assignment,0,0,0,0,0
src/abap/2_statements/statement_parser.ts.StatementParser.categorizeStatement,temp_assign,20,20,0,20,0
src/abap/2_statements/statement_parser.ts.StatementParser.categorizeStatement,temp_argument,9,9,0,9,0
src/abap/2_statements/statement_parser.ts.StatementParser.categorizeStatement,cast_temp,21,21,0,21,0
src/abap/2_statements/statement_parser.ts.StatementParser.categorizeStatement,value_init_overwritten,11,11,0,11,0
src/abap/2_statements/statement_parser.ts.StatementParser.categorizeStatement,literal_constructor,0,0,0,0,0
src/abap/2_statements/statement_parser.ts.StatementParser.categorizeStatement,literal_range_build,0,0,0,0,0
src/abap/2_statements/statement_parser.ts.StatementParser.categorizeStatement,receiver_copy,3,3,0,3,0
src/abap/2_statements/statement_parser.ts.StatementParser.categorizeStatement,bool_if,2,2,0,2,0
src/abap/2_statements/statement_parser.ts.StatementParser.categorizeStatement,return_copy,1,1,0,1,0
src/abap/2_statements/statement_parser.ts.StatementParser.categorizeStatement,table_read_copy,0,0,0,0,0
src/abap/2_statements/statement_parser.ts.StatementParser.categorizeStatement,clear_before_write,27,27,0,27,0
src/abap/2_statements/statement_parser.ts.StatementParser.categorizeStatement,literal_scalar,3,3,0,3,0
src/abap/2_statements/statement_parser.ts.StatementParser.categorizeStatement,range_bound_assignment,0,0,0,0,0
src/abap/2_statements/statement_parser.ts.StatementParser.constructor,temp_assign,0,0,0,0,0
src/abap/2_statements/statement_parser.ts.StatementParser.constructor,temp_argument,1,1,0,1,0
src/abap/2_statements/statement_parser.ts.StatementParser.constructor,cast_temp,6,6,0,6,0
src/abap/2_statements/statement_parser.ts.StatementParser.constructor,value_init_overwritten,3,3,0,3,0
src/abap/2_statements/statement_parser.ts.StatementParser.constructor,literal_constructor,0,0,0,0,0
src/abap/2_statements/statement_parser.ts.StatementParser.constructor,literal_range_build,0,0,0,0,0
src/abap/2_statements/statement_parser.ts.StatementParser.constructor,receiver_copy,0,0,0,0,0
src/abap/2_statements/statement_parser.ts.StatementParser.constructor,bool_if,1,1,0,1,0
src/abap/2_statements/statement_parser.ts.StatementParser.constructor,return_copy,0,0,0,0,0
src/abap/2_statements/statement_parser.ts.StatementParser.constructor,table_read_copy,0,0,0,0,0
src/abap/2_statements/statement_parser.ts.StatementParser.constructor,clear_before_write,0,0,0,0,0
src/abap/2_statements/statement_parser.ts.StatementParser.constructor,literal_scalar,1,1,0,1,0
src/abap/2_statements/statement_parser.ts.StatementParser.constructor,range_bound_assignment,0,0,0,0,0
src/abap/2_statements/statement_parser.ts.StatementParser.lazyUnknown,temp_assign,10,0,10,0,10
src/abap/2_statements/statement_parser.ts.StatementParser.lazyUnknown,temp_argument,15,0,15,0,15
src/abap/2_statements/statement_parser.ts.StatementParser.lazyUnknown,cast_temp,17,3,14,3,14
src/abap/2_statements/statement_parser.ts.StatementParser.lazyUnknown,value_init_overwritten,17,0,17,0,17
src/abap/2_statements/statement_parser.ts.StatementParser.lazyUnknown,literal_constructor,0,0,0,0,0
src/abap/2_statements/statement_parser.ts.StatementParser.lazyUnknown,literal_range_build,0,0,0,0,0
src/abap/2_statements/statement_parser.ts.StatementParser.lazyUnknown,receiver_copy,6,0,6,0,6
src/abap/2_statements/statement_parser.ts.StatementParser.lazyUnknown,bool_if,2,0,2,0,2
src/abap/2_statements/statement_parser.ts.StatementParser.lazyUnknown,return_copy,0,0,0,0,0
src/abap/2_statements/statement_parser.ts.StatementParser.lazyUnknown,table_read_copy,0,0,0,0,0
src/abap/2_statements/statement_parser.ts.StatementParser.lazyUnknown,clear_before_write,20,3,17,3,17
src/abap/2_statements/statement_parser.ts.StatementParser.lazyUnknown,literal_scalar,13,0,13,0,13
src/abap/2_statements/statement_parser.ts.StatementParser.lazyUnknown,range_bound_assignment,0,0,0,0,0
src/abap/2_statements/statement_parser.ts.StatementParser.match,temp_assign,25,7,18,7,18
src/abap/2_statements/statement_parser.ts.StatementParser.match,temp_argument,14,6,8,6,8
src/abap/2_statements/statement_parser.ts.StatementParser.match,cast_temp,44,12,32,12,32
src/abap/2_statements/statement_parser.ts.StatementParser.match,value_init_overwritten,10,4,6,4,6
src/abap/2_statements/statement_parser.ts.StatementParser.match,literal_constructor,0,0,0,0,0
src/abap/2_statements/statement_parser.ts.StatementParser.match,literal_range_build,0,0,0,0,0
src/abap/2_statements/statement_parser.ts.StatementParser.match,receiver_copy,4,2,2,2,2
src/abap/2_statements/statement_parser.ts.StatementParser.match,bool_if,3,1,2,1,2
src/abap/2_statements/statement_parser.ts.StatementParser.match,return_copy,4,2,2,2,2
src/abap/2_statements/statement_parser.ts.StatementParser.match,table_read_copy,3,1,2,1,2
src/abap/2_statements/statement_parser.ts.StatementParser.match,clear_before_write,43,15,28,15,28
src/abap/2_statements/statement_parser.ts.StatementParser.match,literal_scalar,8,2,6,2,6
src/abap/2_statements/statement_parser.ts.StatementParser.match,range_bound_assignment,0,0,0,0,0
src/abap/2_statements/statement_parser.ts.StatementParser.nativeAfter,temp_assign,17,15,2,15,2
src/abap/2_statements/statement_parser.ts.StatementParser.nativeAfter,temp_argument,10,10,0,10,0
src/abap/2_statements/statement_parser.ts.StatementParser.nativeAfter,cast_temp,23,17,6,17,6
src/abap/2_statements/statement_parser.ts.StatementParser.nativeAfter,value_init_overwritten,20,15,5,15,5
src/abap/2_statements/statement_parser.ts.StatementParser.nativeAfter,literal_constructor,0,0,0,0,0
src/abap/2_statements/statement_parser.ts.StatementParser.nativeAfter,literal_range_build,0,0,0,0,0
src/abap/2_statements/statement_parser.ts.StatementParser.nativeAfter,receiver_copy,2,2,0,2,0
src/abap/2_statements/statement_parser.ts.StatementParser.nativeAfter,bool_if,1,0,1,0,1
src/abap/2_statements/statement_parser.ts.StatementParser.nativeAfter,return_copy,5,5,0,5,0
src/abap/2_statements/statement_parser.ts.StatementParser.nativeAfter,table_read_copy,0,0,0,0,0
src/abap/2_statements/statement_parser.ts.StatementParser.nativeAfter,clear_before_write,7,6,1,6,1
src/abap/2_statements/statement_parser.ts.StatementParser.nativeAfter,literal_scalar,13,13,0,13,0
src/abap/2_statements/statement_parser.ts.StatementParser.nativeAfter,range_bound_assignment,0,0,0,0,0
src/abap/2_statements/statement_parser.ts.StatementParser.nativeSQL,temp_assign,13,2,11,2,11
src/abap/2_statements/statement_parser.ts.StatementParser.nativeSQL,temp_argument,12,0,12,0,12
src/abap/2_statements/statement_parser.ts.StatementParser.nativeSQL,cast_temp,20,0,20,0,20
src/abap/2_statements/statement_parser.ts.StatementParser.nativeSQL,value_init_overwritten,23,2,21,2,21
src/abap/2_statements/statement_parser.ts.StatementParser.nativeSQL,literal_constructor,0,0,0,0,0
src/abap/2_statements/statement_parser.ts.StatementParser.nativeSQL,literal_range_build,0,0,0,0,0
src/abap/2_statements/statement_parser.ts.StatementParser.nativeSQL,receiver_copy,7,0,7,0,7
src/abap/2_statements/statement_parser.ts.StatementParser.nativeSQL,bool_if,1,0,1,0,1
src/abap/2_statements/statement_parser.ts.StatementParser.nativeSQL,return_copy,0,0,0,0,0
src/abap/2_statements/statement_parser.ts.StatementParser.nativeSQL,table_read_copy,1,0,1,0,1
src/abap/2_statements/statement_parser.ts.StatementParser.nativeSQL,clear_before_write,28,0,28,0,28
src/abap/2_statements/statement_parser.ts.StatementParser.nativeSQL,literal_scalar,13,2,11,2,11
src/abap/2_statements/statement_parser.ts.StatementParser.nativeSQL,range_bound_assignment,0,0,0,0,0
src/abap/2_statements/statement_parser.ts.StatementParser.process,temp_assign,32,6,26,6,26
src/abap/2_statements/statement_parser.ts.StatementParser.process,temp_argument,18,3,15,3,15
src/abap/2_statements/statement_parser.ts.StatementParser.process,cast_temp,59,13,46,13,46
src/abap/2_statements/statement_parser.ts.StatementParser.process,value_init_overwritten,22,3,19,3,19
src/abap/2_statements/statement_parser.ts.StatementParser.process,literal_constructor,0,0,0,0,0
src/abap/2_statements/statement_parser.ts.StatementParser.process,literal_range_build,0,0,0,0,0
src/abap/2_statements/statement_parser.ts.StatementParser.process,receiver_copy,3,1,2,1,2
src/abap/2_statements/statement_parser.ts.StatementParser.process,bool_if,4,1,3,1,3
src/abap/2_statements/statement_parser.ts.StatementParser.process,return_copy,0,0,0,0,0
src/abap/2_statements/statement_parser.ts.StatementParser.process,table_read_copy,0,0,0,0,0
src/abap/2_statements/statement_parser.ts.StatementParser.process,clear_before_write,56,15,41,15,41
src/abap/2_statements/statement_parser.ts.StatementParser.process,literal_scalar,11,2,9,2,9
src/abap/2_statements/statement_parser.ts.StatementParser.process,range_bound_assignment,0,0,0,0,0
src/abap/2_statements/statement_parser.ts.StatementParser.removePragma,temp_assign,12,9,3,9,3
src/abap/2_statements/statement_parser.ts.StatementParser.removePragma,temp_argument,4,2,2,2,2
src/abap/2_statements/statement_parser.ts.StatementParser.removePragma,cast_temp,14,4,10,4,10
src/abap/2_statements/statement_parser.ts.StatementParser.removePragma,value_init_overwritten,16,6,10,6,10
src/abap/2_statements/statement_parser.ts.StatementParser.removePragma,literal_constructor,0,0,0,0,0
src/abap/2_statements/statement_parser.ts.StatementParser.removePragma,literal_range_build,0,0,0,0,0
src/abap/2_statements/statement_parser.ts.StatementParser.removePragma,receiver_copy,3,1,2,1,2
src/abap/2_statements/statement_parser.ts.StatementParser.removePragma,bool_if,3,1,2,1,2
src/abap/2_statements/statement_parser.ts.StatementParser.removePragma,return_copy,2,2,0,2,0
src/abap/2_statements/statement_parser.ts.StatementParser.removePragma,table_read_copy,2,0,2,0,2
src/abap/2_statements/statement_parser.ts.StatementParser.removePragma,clear_before_write,9,5,4,5,4
src/abap/2_statements/statement_parser.ts.StatementParser.removePragma,literal_scalar,15,10,5,10,5
src/abap/2_statements/statement_parser.ts.StatementParser.removePragma,range_bound_assignment,0,0,0,0,0
src/abap/2_statements/statement_parser.ts.StatementParser.run,temp_assign,8,5,3,5,3
src/abap/2_statements/statement_parser.ts.StatementParser.run,temp_argument,5,0,5,0,5
src/abap/2_statements/statement_parser.ts.StatementParser.run,cast_temp,33,11,22,11,22
src/abap/2_statements/statement_parser.ts.StatementParser.run,value_init_overwritten,2,0,2,0,2
src/abap/2_statements/statement_parser.ts.StatementParser.run,literal_constructor,0,0,0,0,0
src/abap/2_statements/statement_parser.ts.StatementParser.run,literal_range_build,0,0,0,0,0
src/abap/2_statements/statement_parser.ts.StatementParser.run,receiver_copy,0,0,0,0,0
src/abap/2_statements/statement_parser.ts.StatementParser.run,bool_if,1,0,1,0,1
src/abap/2_statements/statement_parser.ts.StatementParser.run,return_copy,1,1,0,1,0
src/abap/2_statements/statement_parser.ts.StatementParser.run,table_read_copy,0,0,0,0,0
src/abap/2_statements/statement_parser.ts.StatementParser.run,clear_before_write,20,4,16,4,16
src/abap/2_statements/statement_parser.ts.StatementParser.run,literal_scalar,2,1,1,1,1
src/abap/2_statements/statement_parser.ts.StatementParser.run,range_bound_assignment,0,0,0,0,0
src/abap/2_statements/statement_parser.ts.StatementParser.tokensToNodes,temp_assign,1,1,0,1,0
src/abap/2_statements/statement_parser.ts.StatementParser.tokensToNodes,temp_argument,1,0,1,0,1
src/abap/2_statements/statement_parser.ts.StatementParser.tokensToNodes,cast_temp,6,3,3,3,3
src/abap/2_statements/statement_parser.ts.StatementParser.tokensToNodes,value_init_overwritten,0,0,0,0,0
src/abap/2_statements/statement_parser.ts.StatementParser.tokensToNodes,literal_constructor,0,0,0,0,0
src/abap/2_statements/statement_parser.ts.StatementParser.tokensToNodes,literal_range_build,0,0,0,0,0
src/abap/2_statements/statement_parser.ts.StatementParser.tokensToNodes,receiver_copy,0,0,0,0,0
src/abap/2_statements/statement_parser.ts.StatementParser.tokensToNodes,bool_if,0,0,0,0,0
src/abap/2_statements/statement_parser.ts.StatementParser.tokensToNodes,return_copy,1,1,0,1,0
src/abap/2_statements/statement_parser.ts.StatementParser.tokensToNodes,table_read_copy,0,0,0,0,0
src/abap/2_statements/statement_parser.ts.StatementParser.tokensToNodes,clear_before_write,3,2,1,2,1
src/abap/2_statements/statement_parser.ts.StatementParser.tokensToNodes,literal_scalar,0,0,0,0,0
src/abap/2_statements/statement_parser.ts.StatementParser.tokensToNodes,range_bound_assignment,0,0,0,0,0
src/abap/2_statements/statement_parser.ts.StatementParser.tokensToNodes_one,temp_assign,2,2,0,2,0
src/abap/2_statements/statement_parser.ts.StatementParser.tokensToNodes_one,temp_argument,1,1,0,1,0
src/abap/2_statements/statement_parser.ts.StatementParser.tokensToNodes_one,cast_temp,5,5,0,5,0
src/abap/2_statements/statement_parser.ts.StatementParser.tokensToNodes_one,value_init_overwritten,0,0,0,0,0
src/abap/2_statements/statement_parser.ts.StatementParser.tokensToNodes_one,literal_constructor,0,0,0,0,0
src/abap/2_statements/statement_parser.ts.StatementParser.tokensToNodes_one,literal_range_build,0,0,0,0,0
src/abap/2_statements/statement_parser.ts.StatementParser.tokensToNodes_one,receiver_copy,0,0,0,0,0
src/abap/2_statements/statement_parser.ts.StatementParser.tokensToNodes_one,bool_if,0,0,0,0,0
src/abap/2_statements/statement_parser.ts.StatementParser.tokensToNodes_one,return_copy,1,1,0,1,0
src/abap/2_statements/statement_parser.ts.StatementParser.tokensToNodes_one,table_read_copy,0,0,0,0,0
src/abap/2_statements/statement_parser.ts.StatementParser.tokensToNodes_one,clear_before_write,4,4,0,4,0
src/abap/2_statements/statement_parser.ts.StatementParser.tokensToNodes_one,literal_scalar,0,0,0,0,0
src/abap/2_statements/statement_parser.ts.StatementParser.tokensToNodes_one,range_bound_assignment,0,0,0,0,0
src/abap/4_file_information/abap_file_information.ts.ABAPFileInformation.constructor,temp_assign,0,0,0,0,0
src/abap/4_file_information/abap_file_information.ts.ABAPFileInformation.constructor,temp_argument,1,1,0,1,0
src/abap/4_file_information/abap_file_information.ts.ABAPFileInformation.constructor,cast_temp,2,2,0,2,0
src/abap/4_file_information/abap_file_information.ts.ABAPFileInformation.constructor,value_init_overwritten,0,0,0,0,0
src/abap/4_file_information/abap_file_information.ts.ABAPFileInformation.constructor,literal_constructor,0,0,0,0,0
src/abap/4_file_information/abap_file_information.ts.ABAPFileInformation.constructor,literal_range_build,0,0,0,0,0
src/abap/4_file_information/abap_file_information.ts.ABAPFileInformation.constructor,receiver_copy,0,0,0,0,0
src/abap/4_file_information/abap_file_information.ts.ABAPFileInformation.constructor,bool_if,0,0,0,0,0
src/abap/4_file_information/abap_file_information.ts.ABAPFileInformation.constructor,return_copy,0,0,0,0,0
src/abap/4_file_information/abap_file_information.ts.ABAPFileInformation.constructor,table_read_copy,0,0,0,0,0
src/abap/4_file_information/abap_file_information.ts.ABAPFileInformation.constructor,clear_before_write,0,0,0,0,0
src/abap/4_file_information/abap_file_information.ts.ABAPFileInformation.constructor,literal_scalar,0,0,0,0,0
src/abap/4_file_information/abap_file_information.ts.ABAPFileInformation.constructor,range_bound_assignment,0,0,0,0,0
src/abap/4_file_information/abap_file_information.ts.ABAPFileInformation.getClassDefinitionByName,temp_assign,10,0,10,0,10
src/abap/4_file_information/abap_file_information.ts.ABAPFileInformation.getClassDefinitionByName,temp_argument,3,0,3,0,3
src/abap/4_file_information/abap_file_information.ts.ABAPFileInformation.getClassDefinitionByName,cast_temp,5,1,4,1,4
src/abap/4_file_information/abap_file_information.ts.ABAPFileInformation.getClassDefinitionByName,value_init_overwritten,7,2,5,2,5
src/abap/4_file_information/abap_file_information.ts.ABAPFileInformation.getClassDefinitionByName,literal_constructor,0,0,0,0,0
src/abap/4_file_information/abap_file_information.ts.ABAPFileInformation.getClassDefinitionByName,literal_range_build,0,0,0,0,0
src/abap/4_file_information/abap_file_information.ts.ABAPFileInformation.getClassDefinitionByName,receiver_copy,0,0,0,0,0
src/abap/4_file_information/abap_file_information.ts.ABAPFileInformation.getClassDefinitionByName,bool_if,2,0,2,0,2
src/abap/4_file_information/abap_file_information.ts.ABAPFileInformation.getClassDefinitionByName,return_copy,0,0,0,0,0
src/abap/4_file_information/abap_file_information.ts.ABAPFileInformation.getClassDefinitionByName,table_read_copy,0,0,0,0,0
src/abap/4_file_information/abap_file_information.ts.ABAPFileInformation.getClassDefinitionByName,clear_before_write,5,1,4,1,4
src/abap/4_file_information/abap_file_information.ts.ABAPFileInformation.getClassDefinitionByName,literal_scalar,5,0,5,0,5
src/abap/4_file_information/abap_file_information.ts.ABAPFileInformation.getClassDefinitionByName,range_bound_assignment,0,0,0,0,0
src/abap/4_file_information/abap_file_information.ts.ABAPFileInformation.getClassImplementationByName,temp_assign,10,0,10,0,10
src/abap/4_file_information/abap_file_information.ts.ABAPFileInformation.getClassImplementationByName,temp_argument,3,0,3,0,3
src/abap/4_file_information/abap_file_information.ts.ABAPFileInformation.getClassImplementationByName,cast_temp,5,1,4,1,4
src/abap/4_file_information/abap_file_information.ts.ABAPFileInformation.getClassImplementationByName,value_init_overwritten,7,2,5,2,5
src/abap/4_file_information/abap_file_information.ts.ABAPFileInformation.getClassImplementationByName,literal_constructor,0,0,0,0,0
src/abap/4_file_information/abap_file_information.ts.ABAPFileInformation.getClassImplementationByName,literal_range_build,0,0,0,0,0
src/abap/4_file_information/abap_file_information.ts.ABAPFileInformation.getClassImplementationByName,receiver_copy,0,0,0,0,0
src/abap/4_file_information/abap_file_information.ts.ABAPFileInformation.getClassImplementationByName,bool_if,2,0,2,0,2
src/abap/4_file_information/abap_file_information.ts.ABAPFileInformation.getClassImplementationByName,return_copy,0,0,0,0,0
src/abap/4_file_information/abap_file_information.ts.ABAPFileInformation.getClassImplementationByName,table_read_copy,0,0,0,0,0
src/abap/4_file_information/abap_file_information.ts.ABAPFileInformation.getClassImplementationByName,clear_before_write,5,1,4,1,4
src/abap/4_file_information/abap_file_information.ts.ABAPFileInformation.getClassImplementationByName,literal_scalar,5,0,5,0,5
src/abap/4_file_information/abap_file_information.ts.ABAPFileInformation.getClassImplementationByName,range_bound_assignment,0,0,0,0,0
src/abap/4_file_information/abap_file_information.ts.ABAPFileInformation.getInterfaceDefinitionByName,temp_assign,10,0,10,0,10
src/abap/4_file_information/abap_file_information.ts.ABAPFileInformation.getInterfaceDefinitionByName,temp_argument,3,0,3,0,3
src/abap/4_file_information/abap_file_information.ts.ABAPFileInformation.getInterfaceDefinitionByName,cast_temp,5,1,4,1,4
src/abap/4_file_information/abap_file_information.ts.ABAPFileInformation.getInterfaceDefinitionByName,value_init_overwritten,7,2,5,2,5
src/abap/4_file_information/abap_file_information.ts.ABAPFileInformation.getInterfaceDefinitionByName,literal_constructor,0,0,0,0,0
src/abap/4_file_information/abap_file_information.ts.ABAPFileInformation.getInterfaceDefinitionByName,literal_range_build,0,0,0,0,0
src/abap/4_file_information/abap_file_information.ts.ABAPFileInformation.getInterfaceDefinitionByName,receiver_copy,0,0,0,0,0
src/abap/4_file_information/abap_file_information.ts.ABAPFileInformation.getInterfaceDefinitionByName,bool_if,2,0,2,0,2
src/abap/4_file_information/abap_file_information.ts.ABAPFileInformation.getInterfaceDefinitionByName,return_copy,0,0,0,0,0
src/abap/4_file_information/abap_file_information.ts.ABAPFileInformation.getInterfaceDefinitionByName,table_read_copy,0,0,0,0,0
src/abap/4_file_information/abap_file_information.ts.ABAPFileInformation.getInterfaceDefinitionByName,clear_before_write,5,1,4,1,4
src/abap/4_file_information/abap_file_information.ts.ABAPFileInformation.getInterfaceDefinitionByName,literal_scalar,5,0,5,0,5
src/abap/4_file_information/abap_file_information.ts.ABAPFileInformation.getInterfaceDefinitionByName,range_bound_assignment,0,0,0,0,0
src/abap/4_file_information/abap_file_information.ts.ABAPFileInformation.listClassDefinitions,temp_assign,1,1,0,1,0
src/abap/4_file_information/abap_file_information.ts.ABAPFileInformation.listClassDefinitions,temp_argument,0,0,0,0,0
src/abap/4_file_information/abap_file_information.ts.ABAPFileInformation.listClassDefinitions,cast_temp,1,1,0,1,0
src/abap/4_file_information/abap_file_information.ts.ABAPFileInformation.listClassDefinitions,value_init_overwritten,0,0,0,0,0
src/abap/4_file_information/abap_file_information.ts.ABAPFileInformation.listClassDefinitions,literal_constructor,0,0,0,0,0
src/abap/4_file_information/abap_file_information.ts.ABAPFileInformation.listClassDefinitions,literal_range_build,0,0,0,0,0
src/abap/4_file_information/abap_file_information.ts.ABAPFileInformation.listClassDefinitions,receiver_copy,0,0,0,0,0
src/abap/4_file_information/abap_file_information.ts.ABAPFileInformation.listClassDefinitions,bool_if,0,0,0,0,0
src/abap/4_file_information/abap_file_information.ts.ABAPFileInformation.listClassDefinitions,return_copy,1,1,0,1,0
src/abap/4_file_information/abap_file_information.ts.ABAPFileInformation.listClassDefinitions,table_read_copy,0,0,0,0,0
src/abap/4_file_information/abap_file_information.ts.ABAPFileInformation.listClassDefinitions,clear_before_write,1,1,0,1,0
src/abap/4_file_information/abap_file_information.ts.ABAPFileInformation.listClassDefinitions,literal_scalar,0,0,0,0,0
src/abap/4_file_information/abap_file_information.ts.ABAPFileInformation.listClassDefinitions,range_bound_assignment,0,0,0,0,0
src/abap/4_file_information/abap_file_information.ts.ABAPFileInformation.listClassImplementations,temp_assign,1,1,0,1,0
src/abap/4_file_information/abap_file_information.ts.ABAPFileInformation.listClassImplementations,temp_argument,0,0,0,0,0
src/abap/4_file_information/abap_file_information.ts.ABAPFileInformation.listClassImplementations,cast_temp,1,1,0,1,0
src/abap/4_file_information/abap_file_information.ts.ABAPFileInformation.listClassImplementations,value_init_overwritten,0,0,0,0,0
src/abap/4_file_information/abap_file_information.ts.ABAPFileInformation.listClassImplementations,literal_constructor,0,0,0,0,0
src/abap/4_file_information/abap_file_information.ts.ABAPFileInformation.listClassImplementations,literal_range_build,0,0,0,0,0
src/abap/4_file_information/abap_file_information.ts.ABAPFileInformation.listClassImplementations,receiver_copy,0,0,0,0,0
src/abap/4_file_information/abap_file_information.ts.ABAPFileInformation.listClassImplementations,bool_if,0,0,0,0,0
src/abap/4_file_information/abap_file_information.ts.ABAPFileInformation.listClassImplementations,return_copy,1,1,0,1,0
src/abap/4_file_information/abap_file_information.ts.ABAPFileInformation.listClassImplementations,table_read_copy,0,0,0,0,0
src/abap/4_file_information/abap_file_information.ts.ABAPFileInformation.listClassImplementations,clear_before_write,1,1,0,1,0
src/abap/4_file_information/abap_file_information.ts.ABAPFileInformation.listClassImplementations,literal_scalar,0,0,0,0,0
src/abap/4_file_information/abap_file_information.ts.ABAPFileInformation.listClassImplementations,range_bound_assignment,0,0,0,0,0
src/abap/4_file_information/abap_file_information.ts.ABAPFileInformation.listFormDefinitions,temp_assign,0,0,0,0,0
src/abap/4_file_information/abap_file_information.ts.ABAPFileInformation.listFormDefinitions,temp_argument,0,0,0,0,0
src/abap/4_file_information/abap_file_information.ts.ABAPFileInformation.listFormDefinitions,cast_temp,0,0,0,0,0
src/abap/4_file_information/abap_file_information.ts.ABAPFileInformation.listFormDefinitions,value_init_overwritten,0,0,0,0,0
src/abap/4_file_information/abap_file_information.ts.ABAPFileInformation.listFormDefinitions,literal_constructor,0,0,0,0,0
src/abap/4_file_information/abap_file_information.ts.ABAPFileInformation.listFormDefinitions,literal_range_build,0,0,0,0,0
src/abap/4_file_information/abap_file_information.ts.ABAPFileInformation.listFormDefinitions,receiver_copy,0,0,0,0,0
src/abap/4_file_information/abap_file_information.ts.ABAPFileInformation.listFormDefinitions,bool_if,0,0,0,0,0
src/abap/4_file_information/abap_file_information.ts.ABAPFileInformation.listFormDefinitions,return_copy,0,0,0,0,0
src/abap/4_file_information/abap_file_information.ts.ABAPFileInformation.listFormDefinitions,table_read_copy,0,0,0,0,0
src/abap/4_file_information/abap_file_information.ts.ABAPFileInformation.listFormDefinitions,clear_before_write,0,0,0,0,0
src/abap/4_file_information/abap_file_information.ts.ABAPFileInformation.listFormDefinitions,literal_scalar,1,1,0,1,0
src/abap/4_file_information/abap_file_information.ts.ABAPFileInformation.listFormDefinitions,range_bound_assignment,0,0,0,0,0
src/abap/4_file_information/abap_file_information.ts.ABAPFileInformation.listInterfaceDefinitions,temp_assign,1,1,0,1,0
src/abap/4_file_information/abap_file_information.ts.ABAPFileInformation.listInterfaceDefinitions,temp_argument,0,0,0,0,0
src/abap/4_file_information/abap_file_information.ts.ABAPFileInformation.listInterfaceDefinitions,cast_temp,1,1,0,1,0
src/abap/4_file_information/abap_file_information.ts.ABAPFileInformation.listInterfaceDefinitions,value_init_overwritten,0,0,0,0,0
src/abap/4_file_information/abap_file_information.ts.ABAPFileInformation.listInterfaceDefinitions,literal_constructor,0,0,0,0,0
src/abap/4_file_information/abap_file_information.ts.ABAPFileInformation.listInterfaceDefinitions,literal_range_build,0,0,0,0,0
src/abap/4_file_information/abap_file_information.ts.ABAPFileInformation.listInterfaceDefinitions,receiver_copy,0,0,0,0,0
src/abap/4_file_information/abap_file_information.ts.ABAPFileInformation.listInterfaceDefinitions,bool_if,0,0,0,0,0
src/abap/4_file_information/abap_file_information.ts.ABAPFileInformation.listInterfaceDefinitions,return_copy,1,1,0,1,0
src/abap/4_file_information/abap_file_information.ts.ABAPFileInformation.listInterfaceDefinitions,table_read_copy,0,0,0,0,0
src/abap/4_file_information/abap_file_information.ts.ABAPFileInformation.listInterfaceDefinitions,clear_before_write,1,1,0,1,0
src/abap/4_file_information/abap_file_information.ts.ABAPFileInformation.listInterfaceDefinitions,literal_scalar,0,0,0,0,0
src/abap/4_file_information/abap_file_information.ts.ABAPFileInformation.listInterfaceDefinitions,range_bound_assignment,0,0,0,0,0
TOTAL,temp_assign,768,396,372,396,372
TOTAL,temp_argument,407,210,197,210,197
TOTAL,cast_temp,840,378,462,378,462
TOTAL,value_init_overwritten,786,347,439,347,439
TOTAL,literal_constructor,0,0,0,0,0
TOTAL,literal_range_build,0,0,0,0,0
TOTAL,receiver_copy,59,17,42,17,42
TOTAL,bool_if,120,59,61,59,61
TOTAL,return_copy,65,63,2,63,2
TOTAL,table_read_copy,30,10,20,10,20
TOTAL,clear_before_write,619,313,306,313,306
TOTAL,literal_scalar,303,169,134,169,134
TOTAL,range_bound_assignment,114,114,0,114,0
