program_id,program,runtime,phase,value,unit,n_runs
0,"1+2",native,eval,196,us,1
0,"1+2",wazero_jit,eval,1011,us,1
0,"1+2",wazero_interp,eval,16499,us,1
0,"1+2",osgo,eval,7940018,us,1
0,"1+2",a4h,eval,151775,us,1
0,"1+2",wazero_jit,init,123,us,1
0,"1+2",wazero_interp,init,456,us,1
0,"1+2",osgo,init,106197,us,1
0,"1+2",a4h,init,18899,us,1
1,"сумма 1..100",native,eval,154,us,1
1,"сумма 1..100",wazero_jit,eval,1052,us,1
1,"сумма 1..100",wazero_interp,eval,17465,us,1
1,"сумма 1..100",osgo,eval,8159276,us,1
1,"сумма 1..100",a4h,eval,205754,us,1
1,"сумма 1..100",wazero_jit,init,122,us,1
1,"сумма 1..100",wazero_interp,init,406,us,1
1,"сумма 1..100",osgo,init,89981,us,1
1,"сумма 1..100",a4h,init,1240,us,1
2,"sort 4",native,eval,166,us,1
2,"sort 4",wazero_jit,eval,1078,us,1
2,"sort 4",wazero_interp,eval,21028,us,1
2,"sort 4",osgo,eval,8017744,us,1
2,"sort 4",a4h,eval,162369,us,1
2,"sort 4",wazero_jit,init,97,us,1
2,"sort 4",wazero_interp,init,279,us,1
2,"sort 4",osgo,init,83582,us,1
2,"sort 4",a4h,init,1082,us,1
3,"JSON маленький",native,eval,158,us,1
3,"JSON маленький",wazero_jit,eval,1054,us,1
3,"JSON маленький",wazero_interp,eval,20349,us,1
3,"JSON маленький",osgo,eval,9136916,us,1
3,"JSON маленький",a4h,eval,159520,us,1
3,"JSON маленький",wazero_jit,init,126,us,1
3,"JSON маленький",wazero_interp,init,491,us,1
3,"JSON маленький",osgo,init,102966,us,1
3,"JSON маленький",a4h,init,1080,us,1
4,"fib(15)",native,eval,220,us,1
4,"fib(15)",wazero_jit,eval,1257,us,1
4,"fib(15)",wazero_interp,eval,27357,us,1
4,"fib(15)",osgo,eval,16584874,us,1
4,"fib(15)",a4h,eval,952157,us,1
4,"fib(15)",wazero_jit,init,109,us,1
4,"fib(15)",wazero_interp,init,122,us,1
4,"fib(15)",osgo,init,108657,us,1
4,"fib(15)",a4h,init,1073,us,1
5,"toUpperCase",native,eval,159,us,1
5,"toUpperCase",wazero_jit,eval,982,us,1
5,"toUpperCase",wazero_interp,eval,15530,us,1
5,"toUpperCase",osgo,eval,8055570,us,1
5,"toUpperCase",a4h,eval,149241,us,1
5,"toUpperCase",wazero_jit,init,111,us,1
5,"toUpperCase",wazero_interp,init,141,us,1
5,"toUpperCase",osgo,init,82454,us,1
5,"toUpperCase",a4h,init,1136,us,1
6,"Math.sqrt",native,eval,165,us,1
6,"Math.sqrt",wazero_jit,eval,997,us,1
6,"Math.sqrt",wazero_interp,eval,16843,us,1
6,"Math.sqrt",osgo,eval,8221211,us,1
6,"Math.sqrt",a4h,eval,157895,us,1
6,"Math.sqrt",wazero_jit,init,112,us,1
6,"Math.sqrt",wazero_interp,init,115,us,1
6,"Math.sqrt",osgo,init,86994,us,1
6,"Math.sqrt",a4h,init,1096,us,1
7,"Map + RegExp",native,eval,149,us,1
7,"Map + RegExp",wazero_jit,eval,1032,us,1
7,"Map + RegExp",wazero_interp,eval,17205,us,1
7,"Map + RegExp",osgo,eval,8789586,us,1
7,"Map + RegExp",a4h,eval,157291,us,1
7,"Map + RegExp",wazero_jit,init,85,us,1
7,"Map + RegExp",wazero_interp,init,402,us,1
7,"Map + RegExp",osgo,init,96249,us,1
7,"Map + RegExp",a4h,init,1072,us,1
8,"fib(22)",native,eval,2066,us,1
8,"fib(22)",wazero_jit,eval,5910,us,1
8,"fib(22)",wazero_interp,eval,360491,us,1
8,"fib(22)",a4h,eval,23289515,us,1
8,"fib(22)",wazero_jit,init,406,us,1
8,"fib(22)",wazero_interp,init,400,us,1
8,"fib(22)",a4h,init,1087,us,1
9,"цикл 1 млн",native,eval,36316,us,1
9,"цикл 1 млн",wazero_jit,eval,147601,us,1
9,"цикл 1 млн",wazero_interp,eval,7765513,us,1
9,"цикл 1 млн",a4h,eval,677027514,us,1
9,"цикл 1 млн",wazero_jit,init,129,us,1
9,"цикл 1 млн",wazero_interp,init,429,us,1
9,"цикл 1 млн",a4h,init,1002,us,1
10,"строка 20 тыс.",native,eval,6620,us,1
10,"строка 20 тыс.",wazero_jit,eval,12990,us,1
10,"строка 20 тыс.",wazero_interp,eval,578969,us,1
10,"строка 20 тыс.",a4h,eval,23776052,us,1
10,"строка 20 тыс.",wazero_jit,init,327,us,1
10,"строка 20 тыс.",wazero_interp,init,128,us,1
10,"строка 20 тыс.",a4h,init,765,us,1
11,"sort 10 тыс.",native,eval,8203,us,1
11,"sort 10 тыс.",wazero_jit,eval,18489,us,1
11,"sort 10 тыс.",wazero_interp,eval,1087541,us,1
11,"sort 10 тыс.",a4h,eval,60153149,us,1
11,"sort 10 тыс.",wazero_jit,init,152,us,1
11,"sort 10 тыс.",wazero_interp,init,117,us,1
11,"sort 10 тыс.",a4h,init,636,us,1
12,"20 тыс. объектов",native,eval,10692,us,1
12,"20 тыс. объектов",wazero_jit,eval,24734,us,1
12,"20 тыс. объектов",wazero_interp,eval,1630562,us,1
12,"20 тыс. объектов",a4h,eval,40616953,us,1
12,"20 тыс. объектов",wazero_jit,init,475,us,1
12,"20 тыс. объектов",wazero_interp,init,159,us,1
12,"20 тыс. объектов",a4h,init,933,us,1
13,"100 тыс. замыканий",native,eval,8017,us,1
13,"100 тыс. замыканий",wazero_jit,eval,16933,us,1
13,"100 тыс. замыканий",wazero_interp,eval,1041798,us,1
13,"100 тыс. замыканий",a4h,eval,55438567,us,1
13,"100 тыс. замыканий",wazero_jit,init,458,us,1
13,"100 тыс. замыканий",wazero_interp,init,110,us,1
13,"100 тыс. замыканий",a4h,init,626,us,1
14,"JSON 1000 записей",native,eval,5209,us,1
14,"JSON 1000 записей",wazero_jit,eval,9916,us,1
14,"JSON 1000 записей",wazero_interp,eval,622956,us,1
14,"JSON 1000 записей",osgo,eval,359747813,us,1
14,"JSON 1000 записей",a4h,eval,9459128,us,1
14,"JSON 1000 записей",wazero_jit,init,145,us,1
14,"JSON 1000 записей",wazero_interp,init,136,us,1
14,"JSON 1000 записей",osgo,init,107096,us,1
14,"JSON 1000 записей",a4h,init,645,us,1
15,"регулярки",native,eval,2272,us,1
15,"регулярки",wazero_jit,eval,6856,us,1
15,"регулярки",wazero_interp,eval,419830,us,1
15,"регулярки",osgo,eval,206745643,us,1
15,"регулярки",a4h,eval,6200609,us,1
15,"регулярки",wazero_jit,init,441,us,1
15,"регулярки",wazero_interp,init,358,us,1
15,"регулярки",osgo,init,84662,us,1
15,"регулярки",a4h,init,637,us,1
